location,date,vaccine,source_url,total_vaccinations,people_vaccinated,people_fully_vaccinated,total_boosters
Belgium,2020-12-28,Pfizer/BioNTech,https://epistat.wiv-isp.be/covid/,340,340,0,0
Belgium,2020-12-29,Pfizer/BioNTech,https://epistat.wiv-isp.be/covid/,380,379,11,0
Belgium,2020-12-30,Pfizer/BioNTech,https://epistat.wiv-isp.be/covid/,911,909,21,0
Belgium,2020-12-31,Pfizer/BioNTech,https://epistat.wiv-isp.be/covid/,959,957,21,0
Belgium,2021-01-01,Pfizer/BioNTech,https://epistat.wiv-isp.be/covid/,976,974,21,0
Belgium,2021-01-02,Pfizer/BioNTech,https://epistat.wiv-isp.be/covid/,1000,998,34,0
Belgium,2021-01-03,Pfizer/BioNTech,https://epistat.wiv-isp.be/covid/,1034,1032,34,0
Belgium,2021-01-04,Pfizer/BioNTech,https://epistat.wiv-isp.be/covid/,1106,1103,50,0
Belgium,2021-01-05,Pfizer/BioNTech,https://epistat.wiv-isp.be/covid/,2897,2891,79,0
Belgium,2021-01-06,Pfizer/BioNTech,https://epistat.wiv-isp.be/covid/,6925,6918,108,0
Belgium,2021-01-07,Pfizer/BioNTech,https://epistat.wiv-isp.be/covid/,15438,15424,129,0
Belgium,2021-01-08,Pfizer/BioNTech,https://epistat.wiv-isp.be/covid/,24883,24861,182,0
Belgium,2021-01-09,Pfizer/BioNTech,https://epistat.wiv-isp.be/covid/,28181,28156,201,0
Belgium,2021-01-10,Pfizer/BioNTech,https://epistat.wiv-isp.be/covid/,28677,28650,203,0
Belgium,2021-01-11,"Moderna, Pfizer/BioNTech",https://epistat.wiv-isp.be/covid/,34424,34386,223,0
Belgium,2021-01-12,"Moderna, Pfizer/BioNTech",https://epistat.wiv-isp.be/covid/,50530,50481,255,0
Belgium,2021-01-13,"Moderna, Pfizer/BioNTech",https://epistat.wiv-isp.be/covid/,72498,72328,394,0
Belgium,2021-01-14,"Moderna, Pfizer/BioNTech",https://epistat.wiv-isp.be/covid/,96081,95892,424,0
Belgium,2021-01-15,"Moderna, Pfizer/BioNTech",https://epistat.wiv-isp.be/covid/,119802,119604,453,0
Belgium,2021-01-16,"Moderna, Pfizer/BioNTech",https://epistat.wiv-isp.be/covid/,125052,124850,467,0
Belgium,2021-01-17,"Moderna, Pfizer/BioNTech",https://epistat.wiv-isp.be/covid/,128351,128123,493,0
Belgium,2021-01-18,"Moderna, Pfizer/BioNTech",https://epistat.wiv-isp.be/covid/,139658,139280,656,0
Belgium,2021-01-19,"Moderna, Pfizer/BioNTech",https://epistat.wiv-isp.be/covid/,159161,158575,901,0
Belgium,2021-01-20,"Moderna, Pfizer/BioNTech",https://epistat.wiv-isp.be/covid/,180932,179872,1403,0
Belgium,2021-01-21,"Moderna, Pfizer/BioNTech",https://epistat.wiv-isp.be/covid/,211362,210261,1468,0
Belgium,2021-01-22,"Moderna, Pfizer/BioNTech",https://epistat.wiv-isp.be/covid/,241614,240464,1555,0
Belgium,2021-01-23,"Moderna, Pfizer/BioNTech",https://epistat.wiv-isp.be/covid/,250152,248989,1579,0
Belgium,2021-01-24,"Moderna, Pfizer/BioNTech",https://epistat.wiv-isp.be/covid/,252105,250908,1613,0
Belgium,2021-01-25,"Moderna, Pfizer/BioNTech",https://epistat.wiv-isp.be/covid/,263590,262364,1665,0
Belgium,2021-01-26,"Moderna, Pfizer/BioNTech",https://epistat.wiv-isp.be/covid/,276585,273576,3469,0
Belgium,2021-01-27,"Moderna, Pfizer/BioNTech",https://epistat.wiv-isp.be/covid/,293466,286990,6975,0
Belgium,2021-01-28,"Moderna, Pfizer/BioNTech",https://epistat.wiv-isp.be/covid/,317538,303113,14955,0
Belgium,2021-01-29,"Moderna, Pfizer/BioNTech",https://epistat.wiv-isp.be/covid/,339368,315720,24212,0
Belgium,2021-01-30,"Moderna, Pfizer/BioNTech",https://epistat.wiv-isp.be/covid/,343959,317382,27153,0
Belgium,2021-01-31,"Moderna, Pfizer/BioNTech",https://epistat.wiv-isp.be/covid/,344967,318034,27509,0
Belgium,2021-02-01,"Moderna, Pfizer/BioNTech",https://epistat.wiv-isp.be/covid/,352999,322074,31519,0
Belgium,2021-02-02,"Moderna, Pfizer/BioNTech",https://epistat.wiv-isp.be/covid/,377844,332408,46059,0
Belgium,2021-02-03,"Moderna, Pfizer/BioNTech",https://epistat.wiv-isp.be/covid/,409030,342730,66946,0
Belgium,2021-02-04,"Moderna, Pfizer/BioNTech",https://epistat.wiv-isp.be/covid/,443685,352838,91516,0
Belgium,2021-02-05,"Moderna, Pfizer/BioNTech",https://epistat.wiv-isp.be/covid/,475005,361032,114680,0
Belgium,2021-02-06,"Moderna, Pfizer/BioNTech",https://epistat.wiv-isp.be/covid/,481619,362292,120048,0
Belgium,2021-02-07,"Moderna, Pfizer/BioNTech",https://epistat.wiv-isp.be/covid/,485072,362635,123159,0
Belgium,2021-02-08,"Moderna, Pfizer/BioNTech",https://epistat.wiv-isp.be/covid/,495435,365051,131126,0
Belgium,2021-02-09,"Moderna, Pfizer/BioNTech",https://epistat.wiv-isp.be/covid/,523665,373331,151099,0
Belgium,2021-02-10,"Moderna, Pfizer/BioNTech",https://epistat.wiv-isp.be/covid/,549613,379972,170435,0
Belgium,2021-02-11,"Moderna, Pfizer/BioNTech",https://epistat.wiv-isp.be/covid/,586562,388381,198991,0
Belgium,2021-02-12,"Moderna, Oxford/AstraZeneca, Pfizer/BioNTech",https://epistat.wiv-isp.be/covid/,621838,395253,227434,0
Belgium,2021-02-13,"Moderna, Oxford/AstraZeneca, Pfizer/BioNTech",https://epistat.wiv-isp.be/covid/,630684,395902,235647,0
Belgium,2021-02-14,"Moderna, Oxford/AstraZeneca, Pfizer/BioNTech",https://epistat.wiv-isp.be/covid/,632730,396050,237547,0
Belgium,2021-02-15,"Moderna, Oxford/AstraZeneca, Pfizer/BioNTech",https://epistat.wiv-isp.be/covid/,646766,398255,249397,0
Belgium,2021-02-16,"Moderna, Oxford/AstraZeneca, Pfizer/BioNTech",https://epistat.wiv-isp.be/covid/,661961,402756,260108,0
Belgium,2021-02-17,"Moderna, Oxford/AstraZeneca, Pfizer/BioNTech",https://epistat.wiv-isp.be/covid/,682280,410112,273091,0
Belgium,2021-02-18,"Moderna, Oxford/AstraZeneca, Pfizer/BioNTech",https://epistat.wiv-isp.be/covid/,710498,420856,290572,0
Belgium,2021-02-19,"Moderna, Oxford/AstraZeneca, Pfizer/BioNTech",https://epistat.wiv-isp.be/covid/,742079,439023,304009,0
Belgium,2021-02-20,"Moderna, Oxford/AstraZeneca, Pfizer/BioNTech",https://epistat.wiv-isp.be/covid/,748209,443529,305647,0
Belgium,2021-02-21,"Moderna, Oxford/AstraZeneca, Pfizer/BioNTech",https://epistat.wiv-isp.be/covid/,750485,445499,305954,0
Belgium,2021-02-22,"Moderna, Oxford/AstraZeneca, Pfizer/BioNTech",https://epistat.wiv-isp.be/covid/,763444,455441,308975,0
Belgium,2021-02-23,"Moderna, Oxford/AstraZeneca, Pfizer/BioNTech",https://epistat.wiv-isp.be/covid/,783890,467544,317334,0
Belgium,2021-02-24,"Moderna, Oxford/AstraZeneca, Pfizer/BioNTech",https://epistat.wiv-isp.be/covid/,807428,482587,325848,0
Belgium,2021-02-25,"Moderna, Oxford/AstraZeneca, Pfizer/BioNTech",https://epistat.wiv-isp.be/covid/,839751,505527,335240,0
Belgium,2021-02-26,"Moderna, Oxford/AstraZeneca, Pfizer/BioNTech",https://epistat.wiv-isp.be/covid/,872245,530952,342340,0
Belgium,2021-02-27,"Moderna, Oxford/AstraZeneca, Pfizer/BioNTech",https://epistat.wiv-isp.be/covid/,876810,534654,343218,0
Belgium,2021-02-28,"Moderna, Oxford/AstraZeneca, Pfizer/BioNTech",https://epistat.wiv-isp.be/covid/,877725,535288,343499,0
Belgium,2021-03-01,"Moderna, Oxford/AstraZeneca, Pfizer/BioNTech",https://epistat.wiv-isp.be/covid/,891594,546335,346333,0
Belgium,2021-03-02,"Moderna, Oxford/AstraZeneca, Pfizer/BioNTech",https://epistat.wiv-isp.be/covid/,915649,563412,353330,0
Belgium,2021-03-03,"Moderna, Oxford/AstraZeneca, Pfizer/BioNTech",https://epistat.wiv-isp.be/covid/,946293,587784,359626,0
Belgium,2021-03-04,"Moderna, Oxford/AstraZeneca, Pfizer/BioNTech",https://epistat.wiv-isp.be/covid/,996746,629215,368663,0
Belgium,2021-03-05,"Moderna, Oxford/AstraZeneca, Pfizer/BioNTech",https://epistat.wiv-isp.be/covid/,1042280,667844,375585,0
Belgium,2021-03-06,"Moderna, Oxford/AstraZeneca, Pfizer/BioNTech",https://epistat.wiv-isp.be/covid/,1050768,675651,376286,0
Belgium,2021-03-07,"Moderna, Oxford/AstraZeneca, Pfizer/BioNTech",https://epistat.wiv-isp.be/covid/,1052369,677041,376497,0
Belgium,2021-03-08,"Moderna, Oxford/AstraZeneca, Pfizer/BioNTech",https://epistat.wiv-isp.be/covid/,1070041,692642,378583,0
Belgium,2021-03-09,"Moderna, Oxford/AstraZeneca, Pfizer/BioNTech",https://epistat.wiv-isp.be/covid/,1099393,714429,386170,0
Belgium,2021-03-10,"Moderna, Oxford/AstraZeneca, Pfizer/BioNTech",https://epistat.wiv-isp.be/covid/,1135957,741679,395517,0
Belgium,2021-03-11,"Moderna, Oxford/AstraZeneca, Pfizer/BioNTech",https://epistat.wiv-isp.be/covid/,1190730,786180,405806,0
Belgium,2021-03-12,"Moderna, Oxford/AstraZeneca, Pfizer/BioNTech",https://epistat.wiv-isp.be/covid/,1236343,817891,419743,0
Belgium,2021-03-13,"Moderna, Oxford/AstraZeneca, Pfizer/BioNTech",https://epistat.wiv-isp.be/covid/,1246467,825742,422028,0
Belgium,2021-03-14,"Moderna, Oxford/AstraZeneca, Pfizer/BioNTech",https://epistat.wiv-isp.be/covid/,1248073,826020,423359,0
Belgium,2021-03-15,"Moderna, Oxford/AstraZeneca, Pfizer/BioNTech",https://epistat.wiv-isp.be/covid/,1279210,852361,428158,0
Belgium,2021-03-16,"Moderna, Oxford/AstraZeneca, Pfizer/BioNTech",https://epistat.wiv-isp.be/covid/,1326418,895178,432560,0
Belgium,2021-03-17,"Moderna, Oxford/AstraZeneca, Pfizer/BioNTech",https://epistat.wiv-isp.be/covid/,1374490,934301,441514,0
Belgium,2021-03-18,"Moderna, Oxford/AstraZeneca, Pfizer/BioNTech",https://epistat.wiv-isp.be/covid/,1450329,993234,458425,0
Belgium,2021-03-19,"Moderna, Oxford/AstraZeneca, Pfizer/BioNTech",https://epistat.wiv-isp.be/covid/,1518734,1042504,477567,0
Belgium,2021-03-20,"Moderna, Oxford/AstraZeneca, Pfizer/BioNTech",https://epistat.wiv-isp.be/covid/,1541312,1063654,479004,0
Belgium,2021-03-21,"Moderna, Oxford/AstraZeneca, Pfizer/BioNTech",https://epistat.wiv-isp.be/covid/,1542414,1064205,479561,0
Belgium,2021-03-22,"Moderna, Oxford/AstraZeneca, Pfizer/BioNTech",https://epistat.wiv-isp.be/covid/,1575657,1091937,485074,0
Belgium,2021-03-23,"Moderna, Oxford/AstraZeneca, Pfizer/BioNTech",https://epistat.wiv-isp.be/covid/,1624148,1134493,491012,0
Belgium,2021-03-24,"Moderna, Oxford/AstraZeneca, Pfizer/BioNTech",https://epistat.wiv-isp.be/covid/,1686454,1185995,501824,0
Belgium,2021-03-25,"Moderna, Oxford/AstraZeneca, Pfizer/BioNTech",https://epistat.wiv-isp.be/covid/,1766335,1245519,522187,0
Belgium,2021-03-26,"Moderna, Oxford/AstraZeneca, Pfizer/BioNTech",https://epistat.wiv-isp.be/covid/,1837090,1296304,542164,0
Belgium,2021-03-27,"Moderna, Oxford/AstraZeneca, Pfizer/BioNTech",https://epistat.wiv-isp.be/covid/,1859892,1315238,546041,0
Belgium,2021-03-28,"Moderna, Oxford/AstraZeneca, Pfizer/BioNTech",https://epistat.wiv-isp.be/covid/,1862506,1316855,547040,0
Belgium,2021-03-29,"Moderna, Oxford/AstraZeneca, Pfizer/BioNTech",https://epistat.wiv-isp.be/covid/,1886631,1335581,552442,0
Belgium,2021-03-30,"Moderna, Oxford/AstraZeneca, Pfizer/BioNTech",https://epistat.wiv-isp.be/covid/,1919277,1362352,558325,0
Belgium,2021-03-31,"Moderna, Oxford/AstraZeneca, Pfizer/BioNTech",https://epistat.wiv-isp.be/covid/,2004745,1436293,569867,0
Belgium,2021-04-01,"Moderna, Oxford/AstraZeneca, Pfizer/BioNTech",https://epistat.wiv-isp.be/covid/,2107220,1513665,595018,0
Belgium,2021-04-02,"Moderna, Oxford/AstraZeneca, Pfizer/BioNTech",https://epistat.wiv-isp.be/covid/,2190530,1578140,614312,0
Belgium,2021-04-03,"Moderna, Oxford/AstraZeneca, Pfizer/BioNTech",https://epistat.wiv-isp.be/covid/,2211716,1597869,615821,0
Belgium,2021-04-04,"Moderna, Oxford/AstraZeneca, Pfizer/BioNTech",https://epistat.wiv-isp.be/covid/,2212052,1598063,615978,0
Belgium,2021-04-05,"Moderna, Oxford/AstraZeneca, Pfizer/BioNTech",https://epistat.wiv-isp.be/covid/,2227056,1610490,618588,0
Belgium,2021-04-06,"Moderna, Oxford/AstraZeneca, Pfizer/BioNTech",https://epistat.wiv-isp.be/covid/,2274472,1648581,627991,0
Belgium,2021-04-07,"Moderna, Oxford/AstraZeneca, Pfizer/BioNTech",https://epistat.wiv-isp.be/covid/,2322883,1687055,638066,0
Belgium,2021-04-08,"Moderna, Oxford/AstraZeneca, Pfizer/BioNTech",https://epistat.wiv-isp.be/covid/,2450809,1797930,655184,0
Belgium,2021-04-09,"Moderna, Oxford/AstraZeneca, Pfizer/BioNTech",https://epistat.wiv-isp.be/covid/,2586811,1917858,671385,0
Belgium,2021-04-10,"Moderna, Oxford/AstraZeneca, Pfizer/BioNTech",https://epistat.wiv-isp.be/covid/,2655967,1982846,675627,0
Belgium,2021-04-11,"Moderna, Oxford/AstraZeneca, Pfizer/BioNTech",https://epistat.wiv-isp.be/covid/,2660131,1986594,676063,0
Belgium,2021-04-12,"Moderna, Oxford/AstraZeneca, Pfizer/BioNTech",https://epistat.wiv-isp.be/covid/,2709391,2026667,685311,0
Belgium,2021-04-13,"Moderna, Oxford/AstraZeneca, Pfizer/BioNTech",https://epistat.wiv-isp.be/covid/,2782427,2091181,693917,0
Belgium,2021-04-14,"Moderna, Oxford/AstraZeneca, Pfizer/BioNTech",https://epistat.wiv-isp.be/covid/,2883769,2167671,718775,0
Belgium,2021-04-15,"Moderna, Oxford/AstraZeneca, Pfizer/BioNTech",https://epistat.wiv-isp.be/covid/,2996131,2253164,745647,0
Belgium,2021-04-16,"Moderna, Oxford/AstraZeneca, Pfizer/BioNTech",https://epistat.wiv-isp.be/covid/,3090710,2330202,763191,0
Belgium,2021-04-17,"Moderna, Oxford/AstraZeneca, Pfizer/BioNTech",https://epistat.wiv-isp.be/covid/,3149153,2382738,769099,0
Belgium,2021-04-18,"Moderna, Oxford/AstraZeneca, Pfizer/BioNTech",https://epistat.wiv-isp.be/covid/,3155413,2388832,769265,0
Belgium,2021-04-19,"Moderna, Oxford/AstraZeneca, Pfizer/BioNTech",https://epistat.wiv-isp.be/covid/,3217020,2445872,773834,0
Belgium,2021-04-20,"Moderna, Oxford/AstraZeneca, Pfizer/BioNTech",https://epistat.wiv-isp.be/covid/,3267817,2493260,777246,0
Belgium,2021-04-21,"Moderna, Oxford/AstraZeneca, Pfizer/BioNTech",https://epistat.wiv-isp.be/covid/,3360436,2581084,782045,0
Belgium,2021-04-22,"Moderna, Oxford/AstraZeneca, Pfizer/BioNTech",https://epistat.wiv-isp.be/covid/,3457574,2671953,788319,0
Belgium,2021-04-23,"Moderna, Oxford/AstraZeneca, Pfizer/BioNTech",https://epistat.wiv-isp.be/covid/,3530243,2737197,795747,0
Belgium,2021-04-24,"Moderna, Oxford/AstraZeneca, Pfizer/BioNTech",https://epistat.wiv-isp.be/covid/,3576951,2781982,797693,0
Belgium,2021-04-25,"Moderna, Oxford/AstraZeneca, Pfizer/BioNTech",https://epistat.wiv-isp.be/covid/,3583486,2788412,797801,0
Belgium,2021-04-26,"Moderna, Oxford/AstraZeneca, Pfizer/BioNTech",https://epistat.wiv-isp.be/covid/,3647384,2845093,805026,0
Belgium,2021-04-27,"Moderna, Oxford/AstraZeneca, Pfizer/BioNTech",https://epistat.wiv-isp.be/covid/,3701029,2883864,819936,0
Belgium,2021-04-28,"Johnson&Johnson, Moderna, Oxford/AstraZeneca, Pfizer/BioNTech",https://epistat.wiv-isp.be/covid/,3796331,2963730,835499,0
Belgium,2021-04-29,"Johnson&Johnson, Moderna, Oxford/AstraZeneca, Pfizer/BioNTech",https://epistat.wiv-isp.be/covid/,3903417,3052030,855703,0
Belgium,2021-04-30,"Johnson&Johnson, Moderna, Oxford/AstraZeneca, Pfizer/BioNTech",https://epistat.wiv-isp.be/covid/,3986376,3112933,878773,0
Belgium,2021-05-01,"Johnson&Johnson, Moderna, Oxford/AstraZeneca, Pfizer/BioNTech",https://epistat.wiv-isp.be/covid/,4034106,3152977,886990,0
Belgium,2021-05-02,"Johnson&Johnson, Moderna, Oxford/AstraZeneca, Pfizer/BioNTech",https://epistat.wiv-isp.be/covid/,4038006,3156656,887242,0
Belgium,2021-05-03,"Johnson&Johnson, Moderna, Oxford/AstraZeneca, Pfizer/BioNTech",https://epistat.wiv-isp.be/covid/,4117450,3223448,902561,0
Belgium,2021-05-04,"Johnson&Johnson, Moderna, Oxford/AstraZeneca, Pfizer/BioNTech",https://epistat.wiv-isp.be/covid/,4201436,3291396,921949,0
Belgium,2021-05-05,"Johnson&Johnson, Moderna, Oxford/AstraZeneca, Pfizer/BioNTech",https://epistat.wiv-isp.be/covid/,4357188,3376233,996655,0
Belgium,2021-05-06,"Johnson&Johnson, Moderna, Oxford/AstraZeneca, Pfizer/BioNTech",https://epistat.wiv-isp.be/covid/,4519909,3465254,1075353,0
Belgium,2021-05-07,"Johnson&Johnson, Moderna, Oxford/AstraZeneca, Pfizer/BioNTech",https://epistat.wiv-isp.be/covid/,4676395,3566587,1135135,0
Belgium,2021-05-08,"Johnson&Johnson, Moderna, Oxford/AstraZeneca, Pfizer/BioNTech",https://epistat.wiv-isp.be/covid/,4767351,3647683,1146761,0
Belgium,2021-05-09,"Johnson&Johnson, Moderna, Oxford/AstraZeneca, Pfizer/BioNTech",https://epistat.wiv-isp.be/covid/,4775613,3655747,1147009,0
Belgium,2021-05-10,"Johnson&Johnson, Moderna, Oxford/AstraZeneca, Pfizer/BioNTech",https://epistat.wiv-isp.be/covid/,4859969,3735232,1153316,0
Belgium,2021-05-11,"Johnson&Johnson, Moderna, Oxford/AstraZeneca, Pfizer/BioNTech",https://epistat.wiv-isp.be/covid/,4929498,3794516,1164860,0
Belgium,2021-05-12,"Johnson&Johnson, Moderna, Oxford/AstraZeneca, Pfizer/BioNTech",https://epistat.wiv-isp.be/covid/,5023460,3859987,1194706,0
Belgium,2021-05-13,"Johnson&Johnson, Moderna, Oxford/AstraZeneca, Pfizer/BioNTech",https://epistat.wiv-isp.be/covid/,5143094,3898870,1275846,0
Belgium,2021-05-14,"Johnson&Johnson, Moderna, Oxford/AstraZeneca, Pfizer/BioNTech",https://epistat.wiv-isp.be/covid/,5289364,3941538,1380602,0
Belgium,2021-05-15,"Johnson&Johnson, Moderna, Oxford/AstraZeneca, Pfizer/BioNTech",https://epistat.wiv-isp.be/covid/,5377923,3974705,1436336,0
Belgium,2021-05-16,"Johnson&Johnson, Moderna, Oxford/AstraZeneca, Pfizer/BioNTech",https://epistat.wiv-isp.be/covid/,5384285,3977156,1440291,0
Belgium,2021-05-17,"Johnson&Johnson, Moderna, Oxford/AstraZeneca, Pfizer/BioNTech",https://epistat.wiv-isp.be/covid/,5493821,4064014,1466583,0
Belgium,2021-05-18,"Johnson&Johnson, Moderna, Oxford/AstraZeneca, Pfizer/BioNTech",https://epistat.wiv-isp.be/covid/,5627927,4167086,1500765,0
Belgium,2021-05-19,"Johnson&Johnson, Moderna, Oxford/AstraZeneca, Pfizer/BioNTech",https://epistat.wiv-isp.be/covid/,5770267,4245792,1568664,0
Belgium,2021-05-20,"Johnson&Johnson, Moderna, Oxford/AstraZeneca, Pfizer/BioNTech",https://epistat.wiv-isp.be/covid/,5918126,4315570,1652183,0
Belgium,2021-05-21,"Johnson&Johnson, Moderna, Oxford/AstraZeneca, Pfizer/BioNTech",https://epistat.wiv-isp.be/covid/,6047434,4386138,1714754,0
Belgium,2021-05-22,"Johnson&Johnson, Moderna, Oxford/AstraZeneca, Pfizer/BioNTech",https://epistat.wiv-isp.be/covid/,6137063,4430817,1760316,0
Belgium,2021-05-23,"Johnson&Johnson, Moderna, Oxford/AstraZeneca, Pfizer/BioNTech",https://epistat.wiv-isp.be/covid/,6146987,4437880,1763240,0
Belgium,2021-05-24,"Johnson&Johnson, Moderna, Oxford/AstraZeneca, Pfizer/BioNTech",https://epistat.wiv-isp.be/covid/,6209585,4464720,1800051,0
Belgium,2021-05-25,"Johnson&Johnson, Moderna, Oxford/AstraZeneca, Pfizer/BioNTech",https://epistat.wiv-isp.be/covid/,6310361,4524895,1847688,0
Belgium,2021-05-26,"Johnson&Johnson, Moderna, Oxford/AstraZeneca, Pfizer/BioNTech",https://epistat.wiv-isp.be/covid/,6433900,4561170,1940035,0
Belgium,2021-05-27,"Johnson&Johnson, Moderna, Oxford/AstraZeneca, Pfizer/BioNTech",https://epistat.wiv-isp.be/covid/,6574761,4602886,2043598,0
Belgium,2021-05-28,"Johnson&Johnson, Moderna, Oxford/AstraZeneca, Pfizer/BioNTech",https://epistat.wiv-isp.be/covid/,6688017,4642265,2121366,0
Belgium,2021-05-29,"Johnson&Johnson, Moderna, Oxford/AstraZeneca, Pfizer/BioNTech",https://epistat.wiv-isp.be/covid/,6779655,4685700,2172055,0
Belgium,2021-05-30,"Johnson&Johnson, Moderna, Oxford/AstraZeneca, Pfizer/BioNTech",https://epistat.wiv-isp.be/covid/,6791478,4690318,2179415,0
Belgium,2021-05-31,"Johnson&Johnson, Moderna, Oxford/AstraZeneca, Pfizer/BioNTech",https://epistat.wiv-isp.be/covid/,6912583,4756594,2237575,0
Belgium,2021-06-01,"Johnson&Johnson, Moderna, Oxford/AstraZeneca, Pfizer/BioNTech",https://epistat.wiv-isp.be/covid/,7016664,4821264,2285980,0
Belgium,2021-06-02,"Johnson&Johnson, Moderna, Oxford/AstraZeneca, Pfizer/BioNTech",https://epistat.wiv-isp.be/covid/,7185871,4902683,2376928,0
Belgium,2021-06-03,"Johnson&Johnson, Moderna, Oxford/AstraZeneca, Pfizer/BioNTech",https://epistat.wiv-isp.be/covid/,7373829,4996062,2474873,0
Belgium,2021-06-04,"Johnson&Johnson, Moderna, Oxford/AstraZeneca, Pfizer/BioNTech",https://epistat.wiv-isp.be/covid/,7527846,5078427,2549308,0
Belgium,2021-06-05,"Johnson&Johnson, Moderna, Oxford/AstraZeneca, Pfizer/BioNTech",https://epistat.wiv-isp.be/covid/,7667569,5168018,2601377,0
Belgium,2021-06-06,"Johnson&Johnson, Moderna, Oxford/AstraZeneca, Pfizer/BioNTech",https://epistat.wiv-isp.be/covid/,7699173,5194108,2607444,0
Belgium,2021-06-07,"Johnson&Johnson, Moderna, Oxford/AstraZeneca, Pfizer/BioNTech",https://epistat.wiv-isp.be/covid/,7868636,5294122,2685464,0
Belgium,2021-06-08,"Johnson&Johnson, Moderna, Oxford/AstraZeneca, Pfizer/BioNTech",https://epistat.wiv-isp.be/covid/,8018405,5378584,2766989,0
Belgium,2021-06-09,"Johnson&Johnson, Moderna, Oxford/AstraZeneca, Pfizer/BioNTech",https://epistat.wiv-isp.be/covid/,8216068,5472319,2877362,0
Belgium,2021-06-10,"Johnson&Johnson, Moderna, Oxford/AstraZeneca, Pfizer/BioNTech",https://epistat.wiv-isp.be/covid/,8412112,5554192,2996147,0
Belgium,2021-06-11,"Johnson&Johnson, Moderna, Oxford/AstraZeneca, Pfizer/BioNTech",https://epistat.wiv-isp.be/covid/,8608859,5643608,3106964,0
Belgium,2021-06-12,"Johnson&Johnson, Moderna, Oxford/AstraZeneca, Pfizer/BioNTech",https://epistat.wiv-isp.be/covid/,8752709,5722504,3178788,0
Belgium,2021-06-13,"Johnson&Johnson, Moderna, Oxford/AstraZeneca, Pfizer/BioNTech",https://epistat.wiv-isp.be/covid/,8777032,5738470,3187588,0
Belgium,2021-06-14,"Johnson&Johnson, Moderna, Oxford/AstraZeneca, Pfizer/BioNTech",https://epistat.wiv-isp.be/covid/,8931845,5817317,3276985,0
Belgium,2021-06-15,"Johnson&Johnson, Moderna, Oxford/AstraZeneca, Pfizer/BioNTech",https://epistat.wiv-isp.be/covid/,9083788,5911764,3360941,0
Belgium,2021-06-16,"Johnson&Johnson, Moderna, Oxford/AstraZeneca, Pfizer/BioNTech",https://epistat.wiv-isp.be/covid/,9268385,6033390,3440408,0
Belgium,2021-06-17,"Johnson&Johnson, Moderna, Oxford/AstraZeneca, Pfizer/BioNTech",https://epistat.wiv-isp.be/covid/,9458420,6171437,3497266,0
Belgium,2021-06-18,"Johnson&Johnson, Moderna, Oxford/AstraZeneca, Pfizer/BioNTech",https://epistat.wiv-isp.be/covid/,9652216,6310380,3557691,0
Belgium,2021-06-19,"Johnson&Johnson, Moderna, Oxford/AstraZeneca, Pfizer/BioNTech",https://epistat.wiv-isp.be/covid/,9778765,6407133,3589975,0
Belgium,2021-06-20,"Johnson&Johnson, Moderna, Oxford/AstraZeneca, Pfizer/BioNTech",https://epistat.wiv-isp.be/covid/,9811364,6438199,3591992,0
Belgium,2021-06-21,"Johnson&Johnson, Moderna, Oxford/AstraZeneca, Pfizer/BioNTech",https://epistat.wiv-isp.be/covid/,9930710,6521541,3631064,0
Belgium,2021-06-22,"Johnson&Johnson, Moderna, Oxford/AstraZeneca, Pfizer/BioNTech",https://epistat.wiv-isp.be/covid/,10040007,6583532,3687549,0
Belgium,2021-06-23,"Johnson&Johnson, Moderna, Oxford/AstraZeneca, Pfizer/BioNTech",https://epistat.wiv-isp.be/covid/,10225015,6707089,3752385,0
Belgium,2021-06-24,"Johnson&Johnson, Moderna, Oxford/AstraZeneca, Pfizer/BioNTech",https://epistat.wiv-isp.be/covid/,10407538,6833663,3814009,0
Belgium,2021-06-25,"Johnson&Johnson, Moderna, Oxford/AstraZeneca, Pfizer/BioNTech",https://epistat.wiv-isp.be/covid/,10573217,6951997,3866571,0
Belgium,2021-06-26,"Johnson&Johnson, Moderna, Oxford/AstraZeneca, Pfizer/BioNTech",https://epistat.wiv-isp.be/covid/,10689055,7023115,3917028,0
Belgium,2021-06-27,"Johnson&Johnson, Moderna, Oxford/AstraZeneca, Pfizer/BioNTech",https://epistat.wiv-isp.be/covid/,10724193,7051865,3924169,0
Belgium,2021-06-28,"Johnson&Johnson, Moderna, Oxford/AstraZeneca, Pfizer/BioNTech",https://epistat.wiv-isp.be/covid/,10845403,7121035,3980141,0
Belgium,2021-06-29,"Johnson&Johnson, Moderna, Oxford/AstraZeneca, Pfizer/BioNTech",https://epistat.wiv-isp.be/covid/,10967656,7179517,4049894,0
Belgium,2021-06-30,"Johnson&Johnson, Moderna, Oxford/AstraZeneca, Pfizer/BioNTech",https://epistat.wiv-isp.be/covid/,11093658,7265097,4097164,0
Belgium,2021-07-01,"Johnson&Johnson, Moderna, Oxford/AstraZeneca, Pfizer/BioNTech",https://epistat.wiv-isp.be/covid/,11231286,7357478,4146725,0
Belgium,2021-07-02,"Johnson&Johnson, Moderna, Oxford/AstraZeneca, Pfizer/BioNTech",https://epistat.wiv-isp.be/covid/,11346367,7434381,4188755,0
Belgium,2021-07-03,"Johnson&Johnson, Moderna, Oxford/AstraZeneca, Pfizer/BioNTech",https://epistat.wiv-isp.be/covid/,11435868,7472166,4241419,0
Belgium,2021-07-04,"Johnson&Johnson, Moderna, Oxford/AstraZeneca, Pfizer/BioNTech",https://epistat.wiv-isp.be/covid/,11450533,7479844,4248479,0
Belgium,2021-07-05,"Johnson&Johnson, Moderna, Oxford/AstraZeneca, Pfizer/BioNTech",https://epistat.wiv-isp.be/covid/,11571714,7504718,4348123,0
Belgium,2021-07-06,"Johnson&Johnson, Moderna, Oxford/AstraZeneca, Pfizer/BioNTech",https://epistat.wiv-isp.be/covid/,11688123,7527759,4443845,0
Belgium,2021-07-07,"Johnson&Johnson, Moderna, Oxford/AstraZeneca, Pfizer/BioNTech",https://epistat.wiv-isp.be/covid/,11848677,7566967,4568319,0
Belgium,2021-07-08,"Johnson&Johnson, Moderna, Oxford/AstraZeneca, Pfizer/BioNTech",https://epistat.wiv-isp.be/covid/,12014912,7604366,4700714,0
Belgium,2021-07-09,"Johnson&Johnson, Moderna, Oxford/AstraZeneca, Pfizer/BioNTech",https://epistat.wiv-isp.be/covid/,12163631,7640468,4815487,0
Belgium,2021-07-10,"Johnson&Johnson, Moderna, Oxford/AstraZeneca, Pfizer/BioNTech",https://epistat.wiv-isp.be/covid/,12293721,7660336,4927101,0
Belgium,2021-07-11,"Johnson&Johnson, Moderna, Oxford/AstraZeneca, Pfizer/BioNTech",https://epistat.wiv-isp.be/covid/,12325129,7664773,4954347,0
Belgium,2021-07-12,"Johnson&Johnson, Moderna, Oxford/AstraZeneca, Pfizer/BioNTech",https://epistat.wiv-isp.be/covid/,12472074,7690724,5078073,0
Belgium,2021-07-13,"Johnson&Johnson, Moderna, Oxford/AstraZeneca, Pfizer/BioNTech",https://epistat.wiv-isp.be/covid/,12590244,7718717,5172682,0
Belgium,2021-07-14,"Johnson&Johnson, Moderna, Oxford/AstraZeneca, Pfizer/BioNTech",https://epistat.wiv-isp.be/covid/,12738546,7754113,5288907,0
Belgium,2021-07-15,"Johnson&Johnson, Moderna, Oxford/AstraZeneca, Pfizer/BioNTech",https://epistat.wiv-isp.be/covid/,12874915,7786205,5396532,0
Belgium,2021-07-16,"Johnson&Johnson, Moderna, Oxford/AstraZeneca, Pfizer/BioNTech",https://epistat.wiv-isp.be/covid/,13013619,7816801,5507908,0
Belgium,2021-07-17,"Johnson&Johnson, Moderna, Oxford/AstraZeneca, Pfizer/BioNTech",https://epistat.wiv-isp.be/covid/,13116220,7835784,5593204,0
Belgium,2021-07-18,"Johnson&Johnson, Moderna, Oxford/AstraZeneca, Pfizer/BioNTech",https://epistat.wiv-isp.be/covid/,13131344,7839276,5605382,0
Belgium,2021-07-19,"Johnson&Johnson, Moderna, Oxford/AstraZeneca, Pfizer/BioNTech",https://epistat.wiv-isp.be/covid/,13260920,7859855,5716012,0
Belgium,2021-07-20,"Johnson&Johnson, Moderna, Oxford/AstraZeneca, Pfizer/BioNTech",https://epistat.wiv-isp.be/covid/,13383601,7886390,5814249,0
Belgium,2021-07-21,"Johnson&Johnson, Moderna, Oxford/AstraZeneca, Pfizer/BioNTech",https://epistat.wiv-isp.be/covid/,13484731,7900510,5902712,0
Belgium,2021-07-22,"Johnson&Johnson, Moderna, Oxford/AstraZeneca, Pfizer/BioNTech",https://epistat.wiv-isp.be/covid/,13670466,7928612,6062263,0
Belgium,2021-07-23,"Johnson&Johnson, Moderna, Oxford/AstraZeneca, Pfizer/BioNTech",https://epistat.wiv-isp.be/covid/,13834415,7953675,6203818,0
Belgium,2021-07-24,"Johnson&Johnson, Moderna, Oxford/AstraZeneca, Pfizer/BioNTech",https://epistat.wiv-isp.be/covid/,13932605,7970010,6286807,0
Belgium,2021-07-25,"Johnson&Johnson, Moderna, Oxford/AstraZeneca, Pfizer/BioNTech",https://epistat.wiv-isp.be/covid/,13946837,7971700,6299662,0
Belgium,2021-07-26,"Johnson&Johnson, Moderna, Oxford/AstraZeneca, Pfizer/BioNTech",https://epistat.wiv-isp.be/covid/,14065707,7993436,6398761,0
Belgium,2021-07-27,"Johnson&Johnson, Moderna, Oxford/AstraZeneca, Pfizer/BioNTech",https://epistat.wiv-isp.be/covid/,14177182,8016204,6489705,0
Belgium,2021-07-28,"Johnson&Johnson, Moderna, Oxford/AstraZeneca, Pfizer/BioNTech",https://epistat.wiv-isp.be/covid/,14336045,8044858,6621261,0
Belgium,2021-07-29,"Johnson&Johnson, Moderna, Oxford/AstraZeneca, Pfizer/BioNTech",https://epistat.wiv-isp.be/covid/,14484483,8069446,6746472,0
Belgium,2021-07-30,"Johnson&Johnson, Moderna, Oxford/AstraZeneca, Pfizer/BioNTech",https://epistat.wiv-isp.be/covid/,14627659,8095737,6864964,0
Belgium,2021-07-31,"Johnson&Johnson, Moderna, Oxford/AstraZeneca, Pfizer/BioNTech",https://epistat.wiv-isp.be/covid/,14714048,8112188,6936084,0
Belgium,2021-08-01,"Johnson&Johnson, Moderna, Oxford/AstraZeneca, Pfizer/BioNTech",https://epistat.wiv-isp.be/covid/,14726492,8114473,6946338,0
Belgium,2021-08-02,"Johnson&Johnson, Moderna, Oxford/AstraZeneca, Pfizer/BioNTech",https://epistat.wiv-isp.be/covid/,14833468,8134338,7034503,0
Belgium,2021-08-03,"Johnson&Johnson, Moderna, Oxford/AstraZeneca, Pfizer/BioNTech",https://epistat.wiv-isp.be/covid/,14927330,8157611,7107079,0
Belgium,2021-08-04,"Johnson&Johnson, Moderna, Oxford/AstraZeneca, Pfizer/BioNTech",https://epistat.wiv-isp.be/covid/,15045354,8189699,7194581,0
Belgium,2021-08-05,"Johnson&Johnson, Moderna, Oxford/AstraZeneca, Pfizer/BioNTech",https://epistat.wiv-isp.be/covid/,15161479,8215594,7286516,0
Belgium,2021-08-06,"Johnson&Johnson, Moderna, Oxford/AstraZeneca, Pfizer/BioNTech",https://epistat.wiv-isp.be/covid/,15273977,8241668,7374739,0
Belgium,2021-08-07,"Johnson&Johnson, Moderna, Oxford/AstraZeneca, Pfizer/BioNTech",https://epistat.wiv-isp.be/covid/,15333605,8263721,7413700,0
Belgium,2021-08-08,"Johnson&Johnson, Moderna, Oxford/AstraZeneca, Pfizer/BioNTech",https://epistat.wiv-isp.be/covid/,15340405,8265271,7419134,0
Belgium,2021-08-09,"Johnson&Johnson, Moderna, Oxford/AstraZeneca, Pfizer/BioNTech",https://epistat.wiv-isp.be/covid/,15411315,8284466,7472301,0
Belgium,2021-08-10,"Johnson&Johnson, Moderna, Oxford/AstraZeneca, Pfizer/BioNTech",https://epistat.wiv-isp.be/covid/,15491872,8300701,7538527,0
Belgium,2021-08-11,"Johnson&Johnson, Moderna, Oxford/AstraZeneca, Pfizer/BioNTech",https://epistat.wiv-isp.be/covid/,15569362,8317233,7600852,0
Belgium,2021-08-12,"Johnson&Johnson, Moderna, Oxford/AstraZeneca, Pfizer/BioNTech",https://epistat.wiv-isp.be/covid/,15646059,8334419,7661723,0
Belgium,2021-08-13,"Johnson&Johnson, Moderna, Oxford/AstraZeneca, Pfizer/BioNTech",https://epistat.wiv-isp.be/covid/,15707714,8348680,7709956,0
Belgium,2021-08-14,"Johnson&Johnson, Moderna, Oxford/AstraZeneca, Pfizer/BioNTech",https://epistat.wiv-isp.be/covid/,15735472,8355517,7731563,0
Belgium,2021-08-15,"Johnson&Johnson, Moderna, Oxford/AstraZeneca, Pfizer/BioNTech",https://epistat.wiv-isp.be/covid/,15737546,8355823,7733359,0
Belgium,2021-08-16,"Johnson&Johnson, Moderna, Oxford/AstraZeneca, Pfizer/BioNTech",https://epistat.wiv-isp.be/covid/,15777538,8364049,7766272,0
Belgium,2021-08-17,"Johnson&Johnson, Moderna, Oxford/AstraZeneca, Pfizer/BioNTech",https://epistat.wiv-isp.be/covid/,15823894,8376509,7801843,0
Belgium,2021-08-18,"Johnson&Johnson, Moderna, Oxford/AstraZeneca, Pfizer/BioNTech",https://epistat.wiv-isp.be/covid/,15876065,8388054,7843561,0
Belgium,2021-08-19,"Johnson&Johnson, Moderna, Oxford/AstraZeneca, Pfizer/BioNTech",https://epistat.wiv-isp.be/covid/,15925425,8397836,7884114,0
Belgium,2021-08-20,"Johnson&Johnson, Moderna, Oxford/AstraZeneca, Pfizer/BioNTech",https://epistat.wiv-isp.be/covid/,15968527,8407258,7918771,0
Belgium,2021-08-21,"Johnson&Johnson, Moderna, Oxford/AstraZeneca, Pfizer/BioNTech",https://epistat.wiv-isp.be/covid/,15993379,8414018,7937433,0
Belgium,2021-08-22,"Johnson&Johnson, Moderna, Oxford/AstraZeneca, Pfizer/BioNTech",https://epistat.wiv-isp.be/covid/,15996528,8414254,7940358,0
Belgium,2021-08-23,"Johnson&Johnson, Moderna, Oxford/AstraZeneca, Pfizer/BioNTech",https://epistat.wiv-isp.be/covid/,16037686,8423008,7973705,0
Belgium,2021-08-24,"Johnson&Johnson, Moderna, Oxford/AstraZeneca, Pfizer/BioNTech",https://epistat.wiv-isp.be/covid/,16077719,8431446,8006959,0
Belgium,2021-08-25,"Johnson&Johnson, Moderna, Oxford/AstraZeneca, Pfizer/BioNTech",https://epistat.wiv-isp.be/covid/,16121492,8441463,8041858,0
Belgium,2021-08-26,"Johnson&Johnson, Moderna, Oxford/AstraZeneca, Pfizer/BioNTech",https://epistat.wiv-isp.be/covid/,16170643,8451868,8081499,0
Belgium,2021-08-27,"Johnson&Johnson, Moderna, Oxford/AstraZeneca, Pfizer/BioNTech",https://epistat.wiv-isp.be/covid/,16210428,8459283,8114705,0
Belgium,2021-08-28,"Johnson&Johnson, Moderna, Oxford/AstraZeneca, Pfizer/BioNTech",https://epistat.wiv-isp.be/covid/,16245279,8466561,8142789,0
Belgium,2021-08-29,"Johnson&Johnson, Moderna, Oxford/AstraZeneca, Pfizer/BioNTech",https://epistat.wiv-isp.be/covid/,16246734,8466659,8144156,0
Belgium,2021-08-30,"Johnson&Johnson, Moderna, Oxford/AstraZeneca, Pfizer/BioNTech",https://epistat.wiv-isp.be/covid/,16279324,8473269,8170860,0
Belgium,2021-08-31,"Johnson&Johnson, Moderna, Oxford/AstraZeneca, Pfizer/BioNTech",https://epistat.wiv-isp.be/covid/,16318908,8484612,8200674,0
Belgium,2021-09-01,"Johnson&Johnson, Moderna, Oxford/AstraZeneca, Pfizer/BioNTech",https://epistat.wiv-isp.be/covid/,16340507,8491399,8216445,0
Belgium,2021-09-02,"Johnson&Johnson, Moderna, Oxford/AstraZeneca, Pfizer/BioNTech",https://epistat.wiv-isp.be/covid/,16357828,8497818,8228172,0
Belgium,2021-09-03,"Johnson&Johnson, Moderna, Oxford/AstraZeneca, Pfizer/BioNTech",https://epistat.wiv-isp.be/covid/,16382938,8505889,8246248,0
Belgium,2021-09-04,"Johnson&Johnson, Moderna, Oxford/AstraZeneca, Pfizer/BioNTech",https://epistat.wiv-isp.be/covid/,16413356,8516707,8266859,0
Belgium,2021-09-05,"Johnson&Johnson, Moderna, Oxford/AstraZeneca, Pfizer/BioNTech",https://epistat.wiv-isp.be/covid/,16414817,8517802,8267306,0
Belgium,2021-09-06,"Johnson&Johnson, Moderna, Oxford/AstraZeneca, Pfizer/BioNTech",https://epistat.wiv-isp.be/covid/,16421342,8520652,8271384,0
Belgium,2021-09-07,"Johnson&Johnson, Moderna, Oxford/AstraZeneca, Pfizer/BioNTech",https://epistat.wiv-isp.be/covid/,16431397,8524582,8278104,0
Belgium,2021-09-08,"Johnson&Johnson, Moderna, Oxford/AstraZeneca, Pfizer/BioNTech",https://epistat.wiv-isp.be/covid/,16458173,8535507,8295084,0
Belgium,2021-09-09,"Johnson&Johnson, Moderna, Oxford/AstraZeneca, Pfizer/BioNTech",https://epistat.wiv-isp.be/covid/,16469621,8539663,8303054,181
Belgium,2021-09-10,"Johnson&Johnson, Moderna, Oxford/AstraZeneca, Pfizer/BioNTech",https://epistat.wiv-isp.be/covid/,16488191,8547551,8314571,367
Belgium,2021-09-11,"Johnson&Johnson, Moderna, Oxford/AstraZeneca, Pfizer/BioNTech",https://epistat.wiv-isp.be/covid/,16510952,8556567,8329291,449
Belgium,2021-09-12,"Johnson&Johnson, Moderna, Oxford/AstraZeneca, Pfizer/BioNTech",https://epistat.wiv-isp.be/covid/,16512409,8557237,8330129,458
Belgium,2021-09-13,"Johnson&Johnson, Moderna, Oxford/AstraZeneca, Pfizer/BioNTech",https://epistat.wiv-isp.be/covid/,16521145,8560231,8336294,861
Belgium,2021-09-14,"Johnson&Johnson, Moderna, Oxford/AstraZeneca, Pfizer/BioNTech",https://epistat.wiv-isp.be/covid/,16526319,8562346,8339670,1205
Belgium,2021-09-15,"Johnson&Johnson, Moderna, Oxford/AstraZeneca, Pfizer/BioNTech",https://epistat.wiv-isp.be/covid/,16544126,8569090,8350811,2274
Belgium,2021-09-16,"Johnson&Johnson, Moderna, Oxford/AstraZeneca, Pfizer/BioNTech",https://epistat.wiv-isp.be/covid/,16558570,8574024,8360089,4269
Belgium,2021-09-17,"Johnson&Johnson, Moderna, Oxford/AstraZeneca, Pfizer/BioNTech",https://epistat.wiv-isp.be/covid/,16580809,8581421,8370567,9755
Belgium,2021-09-18,"Johnson&Johnson, Moderna, Oxford/AstraZeneca, Pfizer/BioNTech",https://epistat.wiv-isp.be/covid/,16608703,8589266,8384788,16724
Belgium,2021-09-19,"Johnson&Johnson, Moderna, Oxford/AstraZeneca, Pfizer/BioNTech",https://epistat.wiv-isp.be/covid/,16609201,8589612,8385028,16768
Belgium,2021-09-20,"Johnson&Johnson, Moderna, Oxford/AstraZeneca, Pfizer/BioNTech",https://epistat.wiv-isp.be/covid/,16617976,8592686,8388678,19360
Belgium,2021-09-21,"Johnson&Johnson, Moderna, Oxford/AstraZeneca, Pfizer/BioNTech",https://epistat.wiv-isp.be/covid/,16634240,8597605,8395464,25075
Belgium,2021-09-22,"Johnson&Johnson, Moderna, Oxford/AstraZeneca, Pfizer/BioNTech",https://epistat.wiv-isp.be/covid/,16664942,8604722,8406932,38410
Belgium,2021-09-23,"Johnson&Johnson, Moderna, Oxford/AstraZeneca, Pfizer/BioNTech",https://epistat.wiv-isp.be/covid/,16685260,8609491,8414405,47844
Belgium,2021-09-24,"Johnson&Johnson, Moderna, Oxford/AstraZeneca, Pfizer/BioNTech",https://epistat.wiv-isp.be/covid/,16711835,8616632,8423213,59537
Belgium,2021-09-25,"Johnson&Johnson, Moderna, Oxford/AstraZeneca, Pfizer/BioNTech",https://epistat.wiv-isp.be/covid/,16752284,8625273,8441264,74725
Belgium,2021-09-26,"Johnson&Johnson, Moderna, Oxford/AstraZeneca, Pfizer/BioNTech",https://epistat.wiv-isp.be/covid/,16753573,8625930,8442155,74800
Belgium,2021-09-27,"Johnson&Johnson, Moderna, Oxford/AstraZeneca, Pfizer/BioNTech",https://epistat.wiv-isp.be/covid/,16768263,8628695,8446342,83165
Belgium,2021-09-28,"Johnson&Johnson, Moderna, Oxford/AstraZeneca, Pfizer/BioNTech",https://epistat.wiv-isp.be/covid/,16791576,8633169,8451866,97584
Belgium,2021-09-29,"Johnson&Johnson, Moderna, Oxford/AstraZeneca, Pfizer/BioNTech",https://epistat.wiv-isp.be/covid/,16835786,8640609,8466365,120990
Belgium,2021-09-30,"Johnson&Johnson, Moderna, Oxford/AstraZeneca, Pfizer/BioNTech",https://epistat.wiv-isp.be/covid/,16865192,8645324,8473594,139303
Belgium,2021-10-01,"Johnson&Johnson, Moderna, Oxford/AstraZeneca, Pfizer/BioNTech",https://epistat.wiv-isp.be/covid/,16894675,8652506,8481592,154463
Belgium,2021-10-02,"Johnson&Johnson, Moderna, Oxford/AstraZeneca, Pfizer/BioNTech",https://epistat.wiv-isp.be/covid/,16924127,8659024,8491860,167749
Belgium,2021-10-03,"Johnson&Johnson, Moderna, Oxford/AstraZeneca, Pfizer/BioNTech",https://epistat.wiv-isp.be/covid/,16925291,8659322,8492310,168187
Belgium,2021-10-04,"Johnson&Johnson, Moderna, Oxford/AstraZeneca, Pfizer/BioNTech",https://epistat.wiv-isp.be/covid/,16939523,8661856,8495329,177300
Belgium,2021-10-05,"Johnson&Johnson, Moderna, Oxford/AstraZeneca, Pfizer/BioNTech",https://epistat.wiv-isp.be/covid/,16959243,8665689,8497967,191024
Belgium,2021-10-06,"Johnson&Johnson, Moderna, Oxford/AstraZeneca, Pfizer/BioNTech",https://epistat.wiv-isp.be/covid/,17001064,8670762,8504377,221897
Belgium,2021-10-07,"Johnson&Johnson, Moderna, Oxford/AstraZeneca, Pfizer/BioNTech",https://epistat.wiv-isp.be/covid/,17047494,8674973,8508796,260435
Belgium,2021-10-08,"Johnson&Johnson, Moderna, Oxford/AstraZeneca, Pfizer/BioNTech",https://epistat.wiv-isp.be/covid/,17087428,8679587,8516226,289103
Belgium,2021-10-09,"Johnson&Johnson, Moderna, Oxford/AstraZeneca, Pfizer/BioNTech",https://epistat.wiv-isp.be/covid/,17115798,8684652,8525721,304054
Belgium,2021-10-10,"Johnson&Johnson, Moderna, Oxford/AstraZeneca, Pfizer/BioNTech",https://epistat.wiv-isp.be/covid/,17116995,8684887,8525911,304846
Belgium,2021-10-11,"Johnson&Johnson, Moderna, Oxford/AstraZeneca, Pfizer/BioNTech",https://epistat.wiv-isp.be/covid/,17137240,8687498,8529099,319668
Belgium,2021-10-12,"Johnson&Johnson, Moderna, Oxford/AstraZeneca, Pfizer/BioNTech",https://epistat.wiv-isp.be/covid/,17172780,8691266,8533386,347725
Belgium,2021-10-13,"Johnson&Johnson, Moderna, Oxford/AstraZeneca, Pfizer/BioNTech",https://epistat.wiv-isp.be/covid/,17216708,8695764,8540980,380362
Belgium,2021-10-14,"Johnson&Johnson, Moderna, Oxford/AstraZeneca, Pfizer/BioNTech",https://epistat.wiv-isp.be/covid/,17257167,8700420,8545162,412705
Belgium,2021-10-15,"Johnson&Johnson, Moderna, Oxford/AstraZeneca, Pfizer/BioNTech",https://epistat.wiv-isp.be/covid/,17290870,8705182,8553485,434354
Belgium,2021-10-16,"Johnson&Johnson, Moderna, Oxford/AstraZeneca, Pfizer/BioNTech",https://epistat.wiv-isp.be/covid/,17312596,8709514,8561011,444891
Belgium,2021-10-17,"Johnson&Johnson, Moderna, Oxford/AstraZeneca, Pfizer/BioNTech",https://epistat.wiv-isp.be/covid/,17313799,8709844,8561163,445626
Belgium,2021-10-18,"Johnson&Johnson, Moderna, Oxford/AstraZeneca, Pfizer/BioNTech",https://epistat.wiv-isp.be/covid/,17325837,8712645,8563711,452828
Belgium,2021-10-19,"Johnson&Johnson, Moderna, Oxford/AstraZeneca, Pfizer/BioNTech",https://epistat.wiv-isp.be/covid/,17348997,8716180,8566745,470021
Belgium,2021-10-20,"Johnson&Johnson, Moderna, Oxford/AstraZeneca, Pfizer/BioNTech",https://epistat.wiv-isp.be/covid/,17381873,8721448,8571914,493179
Belgium,2021-10-21,"Johnson&Johnson, Moderna, Oxford/AstraZeneca, Pfizer/BioNTech",https://epistat.wiv-isp.be/covid/,17417362,8725844,8575813,521110
Belgium,2021-10-22,"Johnson&Johnson, Moderna, Oxford/AstraZeneca, Pfizer/BioNTech",https://epistat.wiv-isp.be/covid/,17448337,8729886,8583818,540768
Belgium,2021-10-23,"Johnson&Johnson, Moderna, Oxford/AstraZeneca, Pfizer/BioNTech",https://epistat.wiv-isp.be/covid/,17466679,8733818,8590852,548721
Belgium,2021-10-24,"Johnson&Johnson, Moderna, Oxford/AstraZeneca, Pfizer/BioNTech",https://epistat.wiv-isp.be/covid/,17467199,8734068,8590969,548887
Belgium,2021-10-25,"Johnson&Johnson, Moderna, Oxford/AstraZeneca, Pfizer/BioNTech",https://epistat.wiv-isp.be/covid/,17483610,8737214,8594098,559569
Belgium,2021-10-26,"Johnson&Johnson, Moderna, Oxford/AstraZeneca, Pfizer/BioNTech",https://epistat.wiv-isp.be/covid/,17513967,8741668,8598666,581565
Belgium,2021-10-27,"Johnson&Johnson, Moderna, Oxford/AstraZeneca, Pfizer/BioNTech",https://epistat.wiv-isp.be/covid/,17551098,8748056,8605232,606466
Belgium,2021-10-28,"Johnson&Johnson, Moderna, Oxford/AstraZeneca, Pfizer/BioNTech",https://epistat.wiv-isp.be/covid/,17589201,8753456,8610353,634923
Belgium,2021-10-29,"Johnson&Johnson, Moderna, Oxford/AstraZeneca, Pfizer/BioNTech",https://epistat.wiv-isp.be/covid/,17620073,8758639,8616695,655358
Belgium,2021-10-30,"Johnson&Johnson, Moderna, Oxford/AstraZeneca, Pfizer/BioNTech",https://epistat.wiv-isp.be/covid/,17637226,8763000,8622630,662824
Belgium,2021-10-31,"Johnson&Johnson, Moderna, Oxford/AstraZeneca, Pfizer/BioNTech",https://epistat.wiv-isp.be/covid/,17637495,8763102,8622700,662928
Belgium,2021-11-01,"Johnson&Johnson, Moderna, Oxford/AstraZeneca, Pfizer/BioNTech",https://epistat.wiv-isp.be/covid/,17638709,8763572,8623021,663514
Belgium,2021-11-02,"Johnson&Johnson, Moderna, Oxford/AstraZeneca, Pfizer/BioNTech",https://epistat.wiv-isp.be/covid/,17658202,8768224,8627076,674906
Belgium,2021-11-03,"Johnson&Johnson, Moderna, Oxford/AstraZeneca, Pfizer/BioNTech",https://epistat.wiv-isp.be/covid/,17689644,8774533,8632090,695985
Belgium,2021-11-04,"Johnson&Johnson, Moderna, Oxford/AstraZeneca, Pfizer/BioNTech",https://epistat.wiv-isp.be/covid/,17720358,8780182,8636374,717522
Belgium,2021-11-05,"Johnson&Johnson, Moderna, Oxford/AstraZeneca, Pfizer/BioNTech",https://epistat.wiv-isp.be/covid/,17748924,8785225,8641667,736928
Belgium,2021-11-06,"Johnson&Johnson, Moderna, Oxford/AstraZeneca, Pfizer/BioNTech",https://epistat.wiv-isp.be/covid/,17767858,8789148,8645840,748406
Belgium,2021-11-07,"Johnson&Johnson, Moderna, Oxford/AstraZeneca, Pfizer/BioNTech",https://epistat.wiv-isp.be/covid/,17769858,8789554,8646242,749673
Belgium,2021-11-08,"Johnson&Johnson, Moderna, Oxford/AstraZeneca, Pfizer/BioNTech",https://epistat.wiv-isp.be/covid/,17790672,8792468,8649124,765235
Belgium,2021-11-09,"Johnson&Johnson, Moderna, Oxford/AstraZeneca, Pfizer/BioNTech",https://epistat.wiv-isp.be/covid/,17822713,8797304,8654221,787980
Belgium,2021-11-10,"Johnson&Johnson, Moderna, Oxford/AstraZeneca, Pfizer/BioNTech",https://epistat.wiv-isp.be/covid/,17869957,8804461,8661039,822409
Belgium,2021-11-11,"Johnson&Johnson, Moderna, Oxford/AstraZeneca, Pfizer/BioNTech",https://epistat.wiv-isp.be/covid/,17876769,8805613,8661982,827254
Belgium,2021-11-12,"Johnson&Johnson, Moderna, Oxford/AstraZeneca, Pfizer/BioNTech",https://epistat.wiv-isp.be/covid/,17908603,8810097,8666608,850688
Belgium,2021-11-13,"Johnson&Johnson, Moderna, Oxford/AstraZeneca, Pfizer/BioNTech",https://epistat.wiv-isp.be/covid/,17930181,8814165,8670927,864501
Belgium,2021-11-14,"Johnson&Johnson, Moderna, Oxford/AstraZeneca, Pfizer/BioNTech",https://epistat.wiv-isp.be/covid/,17930754,8814333,8671045,864793
Belgium,2021-11-15,"Johnson&Johnson, Moderna, Oxford/AstraZeneca, Pfizer/BioNTech",https://epistat.wiv-isp.be/covid/,17961604,8817321,8674326,889733
Belgium,2021-11-16,"Johnson&Johnson, Moderna, Oxford/AstraZeneca, Pfizer/BioNTech",https://epistat.wiv-isp.be/covid/,18013967,8822145,8679742,932282
Belgium,2021-11-17,"Johnson&Johnson, Moderna, Oxford/AstraZeneca, Pfizer/BioNTech",https://epistat.wiv-isp.be/covid/,18090906,8829858,8686631,994980
Belgium,2021-11-18,"Johnson&Johnson, Moderna, Oxford/AstraZeneca, Pfizer/BioNTech",https://epistat.wiv-isp.be/covid/,18159645,8834875,8691478,1054242
Belgium,2021-11-19,"Johnson&Johnson, Moderna, Oxford/AstraZeneca, Pfizer/BioNTech",https://epistat.wiv-isp.be/covid/,18221828,8839549,8696344,1107365
Belgium,2021-11-20,"Johnson&Johnson, Moderna, Oxford/AstraZeneca, Pfizer/BioNTech",https://epistat.wiv-isp.be/covid/,18253510,8843681,8700776,1130827
Belgium,2021-11-21,"Johnson&Johnson, Moderna, Oxford/AstraZeneca, Pfizer/BioNTech",https://epistat.wiv-isp.be/covid/,18254641,8843825,8700920,1131674
Belgium,2021-11-22,"Johnson&Johnson, Moderna, Oxford/AstraZeneca, Pfizer/BioNTech",https://epistat.wiv-isp.be/covid/,18303825,8846965,8703073,1175897
Belgium,2021-11-23,"Johnson&Johnson, Moderna, Oxford/AstraZeneca, Pfizer/BioNTech",https://epistat.wiv-isp.be/covid/,18391820,8851178,8707825,1255306
Belgium,2021-11-24,"Johnson&Johnson, Moderna, Oxford/AstraZeneca, Pfizer/BioNTech",https://epistat.wiv-isp.be/covid/,18497966,8858542,8714257,1348038
Belgium,2021-11-25,"Johnson&Johnson, Moderna, Oxford/AstraZeneca, Pfizer/BioNTech",https://epistat.wiv-isp.be/covid/,18619814,8862866,8718752,1461365
Belgium,2021-11-26,"Johnson&Johnson, Moderna, Oxford/AstraZeneca, Pfizer/BioNTech",https://epistat.wiv-isp.be/covid/,18718972,8866304,8722955,1553218
Belgium,2021-11-27,"Johnson&Johnson, Moderna, Oxford/AstraZeneca, Pfizer/BioNTech",https://epistat.wiv-isp.be/covid/,18759376,8869360,8727766,1586018
Belgium,2021-11-28,"Johnson&Johnson, Moderna, Oxford/AstraZeneca, Pfizer/BioNTech",https://epistat.wiv-isp.be/covid/,18762723,8869549,8728023,1588924
Belgium,2021-11-29,"Johnson&Johnson, Moderna, Oxford/AstraZeneca, Pfizer/BioNTech",https://epistat.wiv-isp.be/covid/,18842352,8871505,8730701,1664148
Belgium,2021-11-30,"Johnson&Johnson, Moderna, Oxford/AstraZeneca, Pfizer/BioNTech",https://epistat.wiv-isp.be/covid/,18949648,8874821,8734340,1764680
Belgium,2021-12-01,"Johnson&Johnson, Moderna, Oxford/AstraZeneca, Pfizer/BioNTech",https://epistat.wiv-isp.be/covid/,19074307,8880123,8741129,1877409
Belgium,2021-12-02,"Johnson&Johnson, Moderna, Oxford/AstraZeneca, Pfizer/BioNTech",https://epistat.wiv-isp.be/covid/,19199792,8882709,8743988,1997603
Belgium,2021-12-03,"Johnson&Johnson, Moderna, Oxford/AstraZeneca, Pfizer/BioNTech",https://epistat.wiv-isp.be/covid/,19314926,8885494,8747512,2106594
Belgium,2021-12-04,"Johnson&Johnson, Moderna, Oxford/AstraZeneca, Pfizer/BioNTech",https://epistat.wiv-isp.be/covid/,19368936,8887503,8751738,2154598
Belgium,2021-12-05,"Johnson&Johnson, Moderna, Oxford/AstraZeneca, Pfizer/BioNTech",https://epistat.wiv-isp.be/covid/,19373271,8887656,8751898,2158691
Belgium,2021-12-06,"Johnson&Johnson, Moderna, Oxford/AstraZeneca, Pfizer/BioNTech",https://epistat.wiv-isp.be/covid/,19457240,8889196,8754127,2239012
Belgium,2021-12-07,"Johnson&Johnson, Moderna, Oxford/AstraZeneca, Pfizer/BioNTech",https://epistat.wiv-isp.be/covid/,19571822,8891379,8758199,2347466
Belgium,2021-12-08,"Johnson&Johnson, Moderna, Oxford/AstraZeneca, Pfizer/BioNTech",https://epistat.wiv-isp.be/covid/,19693338,8894745,8764791,2459161
Belgium,2021-12-09,"Johnson&Johnson, Moderna, Oxford/AstraZeneca, Pfizer/BioNTech",https://epistat.wiv-isp.be/covid/,19828348,8897006,8768537,2588279
Belgium,2021-12-10,"Johnson&Johnson, Moderna, Oxford/AstraZeneca, Pfizer/BioNTech",https://epistat.wiv-isp.be/covid/,19945696,8899492,8772437,2699444
Belgium,2021-12-11,"Johnson&Johnson, Moderna, Oxford/AstraZeneca, Pfizer/BioNTech",https://epistat.wiv-isp.be/covid/,20009372,8901597,8775912,2757667
Belgium,2021-12-12,"Johnson&Johnson, Moderna, Oxford/AstraZeneca, Pfizer/BioNTech",https://epistat.wiv-isp.be/covid/,20015093,8901739,8776306,2762888
Belgium,2021-12-13,"Johnson&Johnson, Moderna, Oxford/AstraZeneca, Pfizer/BioNTech",https://epistat.wiv-isp.be/covid/,20120649,8903604,8779322,2863680
Belgium,2021-12-14,"Johnson&Johnson, Moderna, Oxford/AstraZeneca, Pfizer/BioNTech",https://epistat.wiv-isp.be/covid/,20251170,8905612,8782758,2988927
Belgium,2021-12-15,"Johnson&Johnson, Moderna, Oxford/AstraZeneca, Pfizer/BioNTech",https://epistat.wiv-isp.be/covid/,20380869,8908965,8788958,3109282
Belgium,2021-12-16,"Johnson&Johnson, Moderna, Oxford/AstraZeneca, Pfizer/BioNTech",https://epistat.wiv-isp.be/covid/,20520687,8911441,8792747,3242992
Belgium,2021-12-17,"Johnson&Johnson, Moderna, Oxford/AstraZeneca, Pfizer/BioNTech",https://epistat.wiv-isp.be/covid/,20658421,8914722,8796632,3373758
Belgium,2021-12-18,"Johnson&Johnson, Moderna, Oxford/AstraZeneca, Pfizer/BioNTech",https://epistat.wiv-isp.be/covid/,20733633,8916761,8799885,3443781
Belgium,2021-12-19,"Johnson&Johnson, Moderna, Oxford/AstraZeneca, Pfizer/BioNTech",https://epistat.wiv-isp.be/covid/,20748451,8917038,8800191,3458064
Belgium,2021-12-20,"Johnson&Johnson, Moderna, Oxford/AstraZeneca, Pfizer/BioNTech",https://epistat.wiv-isp.be/covid/,20892702,8918816,8802805,3598024
Belgium,2021-12-21,"Johnson&Johnson, Moderna, Oxford/AstraZeneca, Pfizer/BioNTech",https://epistat.wiv-isp.be/covid/,21073491,8921709,8806710,3772111
Belgium,2021-12-22,"Johnson&Johnson, Moderna, Oxford/AstraZeneca, Pfizer/BioNTech",https://epistat.wiv-isp.be/covid/,21244973,8925634,8814087,3932399
Belgium,2021-12-23,"Johnson&Johnson, Moderna, Oxford/AstraZeneca, Pfizer/BioNTech",https://epistat.wiv-isp.be/covid/,21381470,8928236,8818163,4062302
Belgium,2021-12-24,"Johnson&Johnson, Moderna, Oxford/AstraZeneca, Pfizer/BioNTech",https://epistat.wiv-isp.be/covid/,21395580,8928665,8818606,4075561
Belgium,2021-12-25,"Johnson&Johnson, Moderna, Oxford/AstraZeneca, Pfizer/BioNTech",https://epistat.wiv-isp.be/covid/,21395676,8928679,8818617,4075634
Belgium,2021-12-26,"Johnson&Johnson, Moderna, Oxford/AstraZeneca, Pfizer/BioNTech",https://epistat.wiv-isp.be/covid/,21397173,8928695,8818630,4077108
Belgium,2021-12-27,"Johnson&Johnson, Moderna, Oxford/AstraZeneca, Pfizer/BioNTech",https://epistat.wiv-isp.be/covid/,21471795,8930026,8820375,4148709
Belgium,2021-12-28,"Johnson&Johnson, Moderna, Oxford/AstraZeneca, Pfizer/BioNTech",https://epistat.wiv-isp.be/covid/,21563352,8931713,8821989,4237049
Belgium,2021-12-29,"Johnson&Johnson, Moderna, Oxford/AstraZeneca, Pfizer/BioNTech",https://epistat.wiv-isp.be/covid/,21657194,8933651,8824031,4326976
Belgium,2021-12-30,"Johnson&Johnson, Moderna, Oxford/AstraZeneca, Pfizer/BioNTech",https://epistat.wiv-isp.be/covid/,21712116,8935068,8825251,4379314
Belgium,2021-12-31,"Johnson&Johnson, Moderna, Oxford/AstraZeneca, Pfizer/BioNTech",https://epistat.wiv-isp.be/covid/,21717354,8935415,8825473,4383996
Belgium,2022-01-01,"Johnson&Johnson, Moderna, Oxford/AstraZeneca, Pfizer/BioNTech",https://epistat.wiv-isp.be/covid/,21717425,8935422,8825480,4384053
Belgium,2022-01-02,"Johnson&Johnson, Moderna, Oxford/AstraZeneca, Pfizer/BioNTech",https://epistat.wiv-isp.be/covid/,21717535,8935438,8825488,4384141
Belgium,2022-01-03,"Johnson&Johnson, Moderna, Oxford/AstraZeneca, Pfizer/BioNTech",https://epistat.wiv-isp.be/covid/,21843160,8937248,8827593,4505898
Belgium,2022-01-04,"Johnson&Johnson, Moderna, Oxford/AstraZeneca, Pfizer/BioNTech",https://epistat.wiv-isp.be/covid/,21990904,8939387,8829860,4649278
Belgium,2022-01-05,"Johnson&Johnson, Moderna, Oxford/AstraZeneca, Pfizer/BioNTech",https://epistat.wiv-isp.be/covid/,22155635,8943218,8834623,4805463
Belgium,2022-01-06,"Johnson&Johnson, Moderna, Oxford/AstraZeneca, Pfizer/BioNTech",https://epistat.wiv-isp.be/covid/,22317786,8946084,8836923,4962513
Belgium,2022-01-07,"Johnson&Johnson, Moderna, Oxford/AstraZeneca, Pfizer/BioNTech",https://epistat.wiv-isp.be/covid/,22476215,8949074,8839048,5115919
Belgium,2022-01-08,"Johnson&Johnson, Moderna, Oxford/AstraZeneca, Pfizer/BioNTech",https://epistat.wiv-isp.be/covid/,22569253,8958536,8841242,5197331
Belgium,2022-01-09,"Johnson&Johnson, Moderna, Oxford/AstraZeneca, Pfizer/BioNTech",https://epistat.wiv-isp.be/covid/,22598951,8965383,8841472,5219958
Belgium,2022-01-10,"Johnson&Johnson, Moderna, Oxford/AstraZeneca, Pfizer/BioNTech",https://epistat.wiv-isp.be/covid/,22724515,8966884,8843062,5342484
Belgium,2022-01-11,"Johnson&Johnson, Moderna, Oxford/AstraZeneca, Pfizer/BioNTech",https://epistat.wiv-isp.be/covid/,22871502,8969515,8845749,5484197
Belgium,2022-01-12,"Johnson&Johnson, Moderna, Oxford/AstraZeneca, Pfizer/BioNTech",https://epistat.wiv-isp.be/covid/,23013431,8985563,8851460,5604440
Belgium,2022-01-13,"Johnson&Johnson, Moderna, Oxford/AstraZeneca, Pfizer/BioNTech",https://epistat.wiv-isp.be/covid/,23149848,8988289,8853371,5736268
Belgium,2022-01-14,"Johnson&Johnson, Moderna, Oxford/AstraZeneca, Pfizer/BioNTech",https://epistat.wiv-isp.be/covid/,23274525,8992002,8855025,5855641
Belgium,2022-01-15,"Johnson&Johnson, Moderna, Oxford/AstraZeneca, Pfizer/BioNTech",https://epistat.wiv-isp.be/covid/,23362090,9022788,8856308,5911156
Belgium,2022-01-16,"Johnson&Johnson, Moderna, Oxford/AstraZeneca, Pfizer/BioNTech",https://epistat.wiv-isp.be/covid/,23384366,9032632,8856422,5923474
Belgium,2022-01-17,"Johnson&Johnson, Moderna, Oxford/AstraZeneca, Pfizer/BioNTech",https://epistat.wiv-isp.be/covid/,23472035,9035565,8857573,6007089
Belgium,2022-01-18,"Johnson&Johnson, Moderna, Oxford/AstraZeneca, Pfizer/BioNTech",https://epistat.wiv-isp.be/covid/,23562594,9039370,8859200,6092262
Belgium,2022-01-19,"Johnson&Johnson, Moderna, Novavax, Oxford/AstraZeneca, Pfizer/BioNTech",https://epistat.wiv-isp.be/covid/,23655724,9064697,8861415,6157916
Belgium,2022-01-20,"Johnson&Johnson, Moderna, Novavax, Oxford/AstraZeneca, Pfizer/BioNTech",https://epistat.wiv-isp.be/covid/,23734201,9068395,8862804,6231370
Belgium,2022-01-21,"Johnson&Johnson, Moderna, Novavax, Oxford/AstraZeneca, Pfizer/BioNTech",https://epistat.wiv-isp.be/covid/,23806416,9073595,8863834,6297410
Belgium,2022-01-22,"Johnson&Johnson, Moderna, Novavax, Oxford/AstraZeneca, Pfizer/BioNTech",https://epistat.wiv-isp.be/covid/,23869114,9104480,8864848,6328231
Belgium,2022-01-23,"Johnson&Johnson, Moderna, Novavax, Oxford/AstraZeneca, Pfizer/BioNTech",https://epistat.wiv-isp.be/covid/,23879334,9110855,8864901,6332024
Belgium,2022-01-24,"Johnson&Johnson, Moderna, Novavax, Oxford/AstraZeneca, Pfizer/BioNTech",https://epistat.wiv-isp.be/covid/,23932238,9113464,8866050,6381204
Belgium,2022-01-25,"Johnson&Johnson, Moderna, Novavax, Oxford/AstraZeneca, Pfizer/BioNTech",https://epistat.wiv-isp.be/covid/,23976734,9116392,8867343,6421522
Belgium,2022-01-26,"Johnson&Johnson, Moderna, Novavax, Oxford/AstraZeneca, Pfizer/BioNTech",https://epistat.wiv-isp.be/covid/,24038335,9134261,8870589,6462066
Belgium,2022-01-27,"Johnson&Johnson, Moderna, Novavax, Oxford/AstraZeneca, Pfizer/BioNTech",https://epistat.wiv-isp.be/covid/,24081368,9137097,8871994,6500882
Belgium,2022-01-28,"Johnson&Johnson, Moderna, Novavax, Oxford/AstraZeneca, Pfizer/BioNTech",https://epistat.wiv-isp.be/covid/,24127361,9139735,8873659,6542615
Belgium,2022-01-29,"Johnson&Johnson, Moderna, Novavax, Oxford/AstraZeneca, Pfizer/BioNTech",https://epistat.wiv-isp.be/covid/,24173444,9157184,8882835,6562083
Belgium,2022-01-30,"Johnson&Johnson, Moderna, Novavax, Oxford/AstraZeneca, Pfizer/BioNTech",https://epistat.wiv-isp.be/covid/,24179704,9159570,8884758,6564034
Belgium,2022-01-31,"Johnson&Johnson, Moderna, Novavax, Oxford/AstraZeneca, Pfizer/BioNTech",https://epistat.wiv-isp.be/covid/,24204046,9161243,8885881,6585600
Belgium,2022-02-01,"Johnson&Johnson, Moderna, Novavax, Oxford/AstraZeneca, Pfizer/BioNTech",https://epistat.wiv-isp.be/covid/,24235448,9163450,8888144,6612547
Belgium,2022-02-02,"Johnson&Johnson, Moderna, Novavax, Oxford/AstraZeneca, Pfizer/BioNTech",https://epistat.wiv-isp.be/covid/,24287449,9172805,8899719,6643624
Belgium,2022-02-03,"Johnson&Johnson, Moderna, Novavax, Oxford/AstraZeneca, Pfizer/BioNTech",https://epistat.wiv-isp.be/covid/,24317394,9175385,8901822,6668922
Belgium,2022-02-04,"Johnson&Johnson, Moderna, Novavax, Oxford/AstraZeneca, Pfizer/BioNTech",https://epistat.wiv-isp.be/covid/,24349466,9177214,8904647,6696372
Belgium,2022-02-05,"Johnson&Johnson, Moderna, Novavax, Oxford/AstraZeneca, Pfizer/BioNTech",https://epistat.wiv-isp.be/covid/,24394550,9184907,8928846,6709565
Belgium,2022-02-06,"Johnson&Johnson, Moderna, Novavax, Oxford/AstraZeneca, Pfizer/BioNTech",https://epistat.wiv-isp.be/covid/,24404086,9186248,8936208,6710401
Belgium,2022-02-07,"Johnson&Johnson, Moderna, Novavax, Oxford/AstraZeneca, Pfizer/BioNTech",https://epistat.wiv-isp.be/covid/,24417847,9187044,8938476,6721138
Belgium,2022-02-08,"Johnson&Johnson, Moderna, Novavax, Oxford/AstraZeneca, Pfizer/BioNTech",https://epistat.wiv-isp.be/covid/,24439505,9188201,8941502,6738622
Belgium,2022-02-09,"Johnson&Johnson, Moderna, Novavax, Oxford/AstraZeneca, Pfizer/BioNTech",https://epistat.wiv-isp.be/covid/,24502271,9194337,8961947,6774819
Belgium,2022-02-10,"Johnson&Johnson, Moderna, Novavax, Oxford/AstraZeneca, Pfizer/BioNTech",https://epistat.wiv-isp.be/covid/,24540960,9195611,8965162,6809040
Belgium,2022-02-11,"Johnson&Johnson, Moderna, Novavax, Oxford/AstraZeneca, Pfizer/BioNTech",https://epistat.wiv-isp.be/covid/,24577982,9197080,8969794,6839976
Belgium,2022-02-12,"Johnson&Johnson, Moderna, Novavax, Oxford/AstraZeneca, Pfizer/BioNTech",https://epistat.wiv-isp.be/covid/,24637015,9202665,8997397,6865822
Belgium,2022-02-13,"Johnson&Johnson, Moderna, Novavax, Oxford/AstraZeneca, Pfizer/BioNTech",https://epistat.wiv-isp.be/covid/,24647949,9203426,9004258,6869135
Belgium,2022-02-14,"Johnson&Johnson, Moderna, Novavax, Oxford/AstraZeneca, Pfizer/BioNTech",https://epistat.wiv-isp.be/covid/,24659609,9203956,9006167,6878366
Belgium,2022-02-15,"Johnson&Johnson, Moderna, Novavax, Oxford/AstraZeneca, Pfizer/BioNTech",https://epistat.wiv-isp.be/covid/,24680570,9204618,9008748,6896097
Belgium,2022-02-16,"Johnson&Johnson, Moderna, Novavax, Oxford/AstraZeneca, Pfizer/BioNTech",https://epistat.wiv-isp.be/covid/,24754189,9210053,9028560,6944473
Belgium,2022-02-17,"Johnson&Johnson, Moderna, Novavax, Oxford/AstraZeneca, Pfizer/BioNTech",https://epistat.wiv-isp.be/covid/,24781392,9211014,9031098,6968185
Belgium,2022-02-18,"Johnson&Johnson, Moderna, Novavax, Oxford/AstraZeneca, Pfizer/BioNTech",https://epistat.wiv-isp.be/covid/,24802707,9211782,9033080,6986768
Belgium,2022-02-19,"Johnson&Johnson, Moderna, Novavax, Oxford/AstraZeneca, Pfizer/BioNTech",https://epistat.wiv-isp.be/covid/,24846185,9216055,9053388,7005666
Belgium,2022-02-20,"Johnson&Johnson, Moderna, Novavax, Oxford/AstraZeneca, Pfizer/BioNTech",https://epistat.wiv-isp.be/covid/,24850243,9216593,9055673,7006901
Belgium,2022-02-21,"Johnson&Johnson, Moderna, Novavax, Oxford/AstraZeneca, Pfizer/BioNTech",https://epistat.wiv-isp.be/covid/,24865736,9217140,9057301,7020239
Belgium,2022-02-22,"Johnson&Johnson, Moderna, Novavax, Oxford/AstraZeneca, Pfizer/BioNTech",https://epistat.wiv-isp.be/covid/,24896339,9217943,9059178,7048176
Belgium,2022-02-23,"Johnson&Johnson, Moderna, Novavax, Oxford/AstraZeneca, Pfizer/BioNTech",https://epistat.wiv-isp.be/covid/,24954065,9220664,9071843,7090528
Belgium,2022-02-24,"Johnson&Johnson, Moderna, Novavax, Oxford/AstraZeneca, Pfizer/BioNTech",https://epistat.wiv-isp.be/covid/,24990242,9221611,9075145,7122468
Belgium,2022-02-25,"Johnson&Johnson, Moderna, Novavax, Oxford/AstraZeneca, Pfizer/BioNTech",https://epistat.wiv-isp.be/covid/,25018425,9222348,9077098,7147988
Belgium,2022-02-26,"Johnson&Johnson, Moderna, Novavax, Oxford/AstraZeneca, Pfizer/BioNTech",https://epistat.wiv-isp.be/covid/,25045800,9224057,9086022,7164731
Belgium,2022-02-27,"Johnson&Johnson, Moderna, Novavax, Oxford/AstraZeneca, Pfizer/BioNTech",https://epistat.wiv-isp.be/covid/,25047467,9224170,9086966,7165341
Belgium,2022-02-28,"Johnson&Johnson, Moderna, Novavax, Oxford/AstraZeneca, Pfizer/BioNTech",https://epistat.wiv-isp.be/covid/,25053449,9224497,9087703,7170279
Belgium,2022-03-01,"Johnson&Johnson, Moderna, Novavax, Oxford/AstraZeneca, Pfizer/BioNTech",https://epistat.wiv-isp.be/covid/,25062110,9224908,9088364,7177879
Belgium,2022-03-02,"Johnson&Johnson, Moderna, Novavax, Oxford/AstraZeneca, Pfizer/BioNTech",https://epistat.wiv-isp.be/covid/,25084401,9226609,9093390,7193472
Belgium,2022-03-03,"Johnson&Johnson, Moderna, Novavax, Oxford/AstraZeneca, Pfizer/BioNTech",https://epistat.wiv-isp.be/covid/,25094103,9227286,9094667,7201235
Belgium,2022-03-04,"Johnson&Johnson, Moderna, Novavax, Oxford/AstraZeneca, Pfizer/BioNTech",https://epistat.wiv-isp.be/covid/,25102056,9227808,9095751,7207594
Belgium,2022-03-05,"Johnson&Johnson, Moderna, Novavax, Oxford/AstraZeneca, Pfizer/BioNTech",https://epistat.wiv-isp.be/covid/,25113576,9228612,9100030,7214032
Belgium,2022-03-06,"Johnson&Johnson, Moderna, Novavax, Oxford/AstraZeneca, Pfizer/BioNTech",https://epistat.wiv-isp.be/covid/,25113758,9228630,9100108,7214118
Belgium,2022-03-07,"Johnson&Johnson, Moderna, Novavax, Oxford/AstraZeneca, Pfizer/BioNTech",https://epistat.wiv-isp.be/covid/,25118293,9228787,9100394,7218213
Belgium,2022-03-08,"Johnson&Johnson, Moderna, Novavax, Oxford/AstraZeneca, Pfizer/BioNTech",https://epistat.wiv-isp.be/covid/,25124065,9229043,9101196,7222928
Belgium,2022-03-09,"Johnson&Johnson, Moderna, Novavax, Oxford/AstraZeneca, Pfizer/BioNTech",https://epistat.wiv-isp.be/covid/,25155790,9230979,9111014,7242903
Belgium,2022-03-10,"Johnson&Johnson, Moderna, Novavax, Oxford/AstraZeneca, Pfizer/BioNTech",https://epistat.wiv-isp.be/covid/,25161080,9231350,9111781,7247056
Belgium,2022-03-11,"Johnson&Johnson, Moderna, Novavax, Oxford/AstraZeneca, Pfizer/BioNTech",https://epistat.wiv-isp.be/covid/,25165130,9231503,9112316,7250425
Belgium,2022-03-12,"Johnson&Johnson, Moderna, Novavax, Oxford/AstraZeneca, Pfizer/BioNTech",https://epistat.wiv-isp.be/covid/,25174763,9231987,9116795,7255095
Belgium,2022-03-13,"Johnson&Johnson, Moderna, Novavax, Oxford/AstraZeneca, Pfizer/BioNTech",https://epistat.wiv-isp.be/covid/,25176295,9232040,9117808,7255561
Belgium,2022-03-14,"Johnson&Johnson, Moderna, Novavax, Oxford/AstraZeneca, Pfizer/BioNTech",https://epistat.wiv-isp.be/covid/,25177984,9232124,9118294,7256682
Belgium,2022-03-15,"Johnson&Johnson, Moderna, Novavax, Oxford/AstraZeneca, Pfizer/BioNTech",https://epistat.wiv-isp.be/covid/,25182587,9232238,9118869,7260603
Belgium,2022-03-16,"Johnson&Johnson, Moderna, Novavax, Oxford/AstraZeneca, Pfizer/BioNTech",https://epistat.wiv-isp.be/covid/,25200290,9232859,9123094,7273484
Belgium,2022-03-17,"Johnson&Johnson, Moderna, Novavax, Oxford/AstraZeneca, Pfizer/BioNTech",https://epistat.wiv-isp.be/covid/,25206312,9233097,9123857,7278519
Belgium,2022-03-18,"Johnson&Johnson, Moderna, Novavax, Oxford/AstraZeneca, Pfizer/BioNTech",https://epistat.wiv-isp.be/covid/,25210861,9233255,9124331,7282444
Belgium,2022-03-19,"Johnson&Johnson, Moderna, Novavax, Oxford/AstraZeneca, Pfizer/BioNTech",https://epistat.wiv-isp.be/covid/,25217678,9233614,9126207,7287026
Belgium,2022-03-20,"Johnson&Johnson, Moderna, Novavax, Oxford/AstraZeneca, Pfizer/BioNTech",https://epistat.wiv-isp.be/covid/,25217767,9233630,9126227,7287081
Belgium,2022-03-21,"Johnson&Johnson, Moderna, Novavax, Oxford/AstraZeneca, Pfizer/BioNTech",https://epistat.wiv-isp.be/covid/,25219963,9233739,9126860,7288541
Belgium,2022-03-22,"Johnson&Johnson, Moderna, Novavax, Oxford/AstraZeneca, Pfizer/BioNTech",https://epistat.wiv-isp.be/covid/,25224109,9233937,9127646,7291707
Belgium,2022-03-23,"Johnson&Johnson, Moderna, Novavax, Oxford/AstraZeneca, Pfizer/BioNTech",https://epistat.wiv-isp.be/covid/,25237899,9234424,9129756,7302910
Belgium,2022-03-24,"Johnson&Johnson, Moderna, Novavax, Oxford/AstraZeneca, Pfizer/BioNTech",https://epistat.wiv-isp.be/covid/,25241697,9234591,9130135,7306163
Belgium,2022-03-25,"Johnson&Johnson, Moderna, Novavax, Oxford/AstraZeneca, Pfizer/BioNTech",https://epistat.wiv-isp.be/covid/,25245462,9234731,9130527,7309396
Belgium,2022-03-26,"Johnson&Johnson, Moderna, Novavax, Oxford/AstraZeneca, Pfizer/BioNTech",https://epistat.wiv-isp.be/covid/,25251535,9235006,9131577,7314144
Belgium,2022-03-27,"Johnson&Johnson, Moderna, Novavax, Oxford/AstraZeneca, Pfizer/BioNTech",https://epistat.wiv-isp.be/covid/,25251675,9235014,9131629,7314224
Belgium,2022-03-28,"Johnson&Johnson, Moderna, Novavax, Oxford/AstraZeneca, Pfizer/BioNTech",https://epistat.wiv-isp.be/covid/,25253599,9235107,9131980,7315704
Belgium,2022-03-29,"Johnson&Johnson, Moderna, Novavax, Oxford/AstraZeneca, Pfizer/BioNTech",https://epistat.wiv-isp.be/covid/,25256703,9235216,9132199,7318481
Belgium,2022-03-30,"Johnson&Johnson, Moderna, Novavax, Oxford/AstraZeneca, Pfizer/BioNTech",https://epistat.wiv-isp.be/covid/,25273329,9235877,9135349,7331297
Belgium,2022-03-31,"Johnson&Johnson, Moderna, Novavax, Oxford/AstraZeneca, Pfizer/BioNTech",https://epistat.wiv-isp.be/covid/,25276846,9236060,9135903,7334080
Belgium,2022-04-01,"Johnson&Johnson, Moderna, Novavax, Oxford/AstraZeneca, Pfizer/BioNTech",https://epistat.wiv-isp.be/covid/,25278811,9236164,9136172,7335672
Belgium,2022-04-02,"Johnson&Johnson, Moderna, Novavax, Oxford/AstraZeneca, Pfizer/BioNTech",https://epistat.wiv-isp.be/covid/,25280641,9236365,9136459,7337014
Belgium,2022-04-03,"Johnson&Johnson, Moderna, Novavax, Oxford/AstraZeneca, Pfizer/BioNTech",https://epistat.wiv-isp.be/covid/,25280649,9236365,9136460,7337021
Belgium,2022-04-04,"Johnson&Johnson, Moderna, Novavax, Oxford/AstraZeneca, Pfizer/BioNTech",https://epistat.wiv-isp.be/covid/,25281137,9236410,9136552,7337372
Belgium,2022-04-05,"Johnson&Johnson, Moderna, Novavax, Oxford/AstraZeneca, Pfizer/BioNTech",https://epistat.wiv-isp.be/covid/,25282336,9236468,9136659,7338407
Belgium,2022-04-06,"Johnson&Johnson, Moderna, Novavax, Oxford/AstraZeneca, Pfizer/BioNTech",https://epistat.wiv-isp.be/covid/,25286229,9236657,9137077,7341693
Belgium,2022-04-07,"Johnson&Johnson, Moderna, Novavax, Oxford/AstraZeneca, Pfizer/BioNTech",https://epistat.wiv-isp.be/covid/,25287997,9236824,9137250,7343121
Belgium,2022-04-08,"Johnson&Johnson, Moderna, Novavax, Oxford/AstraZeneca, Pfizer/BioNTech",https://epistat.wiv-isp.be/covid/,25290051,9236959,9137389,7344902
Belgium,2022-04-09,"Johnson&Johnson, Moderna, Novavax, Oxford/AstraZeneca, Pfizer/BioNTech",https://epistat.wiv-isp.be/covid/,25292387,9237193,9137727,7346666
Belgium,2022-04-10,"Johnson&Johnson, Moderna, Novavax, Oxford/AstraZeneca, Pfizer/BioNTech",https://epistat.wiv-isp.be/covid/,25292392,9237193,9137729,7346669
Belgium,2022-04-11,"Johnson&Johnson, Moderna, Novavax, Oxford/AstraZeneca, Pfizer/BioNTech",https://epistat.wiv-isp.be/covid/,25293266,9237267,9137849,7347353
Belgium,2022-04-12,"Johnson&Johnson, Moderna, Novavax, Oxford/AstraZeneca, Pfizer/BioNTech",https://epistat.wiv-isp.be/covid/,25294145,9237348,9137938,7348064
Belgium,2022-04-13,"Johnson&Johnson, Moderna, Novavax, Oxford/AstraZeneca, Pfizer/BioNTech",https://epistat.wiv-isp.be/covid/,25296996,9237526,9138290,7350389
Belgium,2022-04-14,"Johnson&Johnson, Moderna, Novavax, Oxford/AstraZeneca, Pfizer/BioNTech",https://epistat.wiv-isp.be/covid/,25298521,9237643,9138439,7351649
Belgium,2022-04-15,"Johnson&Johnson, Moderna, Novavax, Oxford/AstraZeneca, Pfizer/BioNTech",https://epistat.wiv-isp.be/covid/,25300449,9237786,9138593,7353294
Belgium,2022-04-16,"Johnson&Johnson, Moderna, Novavax, Oxford/AstraZeneca, Pfizer/BioNTech",https://epistat.wiv-isp.be/covid/,25301877,9237975,9138902,7354225
Belgium,2022-04-17,"Johnson&Johnson, Moderna, Novavax, Oxford/AstraZeneca, Pfizer/BioNTech",https://epistat.wiv-isp.be/covid/,25301888,9237975,9138902,7354236
Belgium,2022-04-18,"Johnson&Johnson, Moderna, Novavax, Oxford/AstraZeneca, Pfizer/BioNTech",https://epistat.wiv-isp.be/covid/,25301897,9237975,9138904,7354243
Belgium,2022-04-19,"Johnson&Johnson, Moderna, Novavax, Oxford/AstraZeneca, Pfizer/BioNTech",https://epistat.wiv-isp.be/covid/,25303656,9238120,9139172,7355590
Belgium,2022-04-20,"Johnson&Johnson, Moderna, Novavax, Oxford/AstraZeneca, Pfizer/BioNTech",https://epistat.wiv-isp.be/covid/,25307408,9238400,9139769,7358477
Belgium,2022-04-21,"Johnson&Johnson, Moderna, Novavax, Oxford/AstraZeneca, Pfizer/BioNTech",https://epistat.wiv-isp.be/covid/,25309291,9238526,9139987,7360019
Belgium,2022-04-22,"Johnson&Johnson, Moderna, Novavax, Oxford/AstraZeneca, Pfizer/BioNTech",https://epistat.wiv-isp.be/covid/,25311667,9238738,9140196,7361979
Belgium,2022-04-23,"Johnson&Johnson, Moderna, Novavax, Oxford/AstraZeneca, Pfizer/BioNTech",https://epistat.wiv-isp.be/covid/,25314201,9239037,9140643,7363767
Belgium,2022-04-24,"Johnson&Johnson, Moderna, Novavax, Oxford/AstraZeneca, Pfizer/BioNTech",https://epistat.wiv-isp.be/covid/,25314218,9239037,9140645,7363782
Belgium,2022-04-25,"Johnson&Johnson, Moderna, Novavax, Oxford/AstraZeneca, Pfizer/BioNTech",https://epistat.wiv-isp.be/covid/,25314863,9239104,9140712,7364293
Belgium,2022-04-26,"Johnson&Johnson, Moderna, Novavax, Oxford/AstraZeneca, Pfizer/BioNTech",https://epistat.wiv-isp.be/covid/,25316075,9239195,9140852,7365278
Belgium,2022-04-27,"Johnson&Johnson, Moderna, Novavax, Oxford/AstraZeneca, Pfizer/BioNTech",https://epistat.wiv-isp.be/covid/,25320242,9239540,9141312,7368643
Belgium,2022-04-28,"Johnson&Johnson, Moderna, Novavax, Oxford/AstraZeneca, Pfizer/BioNTech",https://epistat.wiv-isp.be/covid/,25321652,9239677,9141503,7369727
Belgium,2022-04-29,"Johnson&Johnson, Moderna, Novavax, Oxford/AstraZeneca, Pfizer/BioNTech",https://epistat.wiv-isp.be/covid/,25323296,9239814,9141680,7371060
Belgium,2022-04-30,"Johnson&Johnson, Moderna, Novavax, Oxford/AstraZeneca, Pfizer/BioNTech",https://epistat.wiv-isp.be/covid/,25325001,9240047,9142019,7372193
Belgium,2022-05-01,"Johnson&Johnson, Moderna, Novavax, Oxford/AstraZeneca, Pfizer/BioNTech",https://epistat.wiv-isp.be/covid/,25325006,9240047,9142020,7372197
Belgium,2022-05-02,"Johnson&Johnson, Moderna, Novavax, Oxford/AstraZeneca, Pfizer/BioNTech",https://epistat.wiv-isp.be/covid/,25325464,9240095,9142066,7372567
Belgium,2022-05-03,"Johnson&Johnson, Moderna, Novavax, Oxford/AstraZeneca, Pfizer/BioNTech",https://epistat.wiv-isp.be/covid/,25326433,9240185,9142161,7373353
Belgium,2022-05-04,"Johnson&Johnson, Moderna, Novavax, Oxford/AstraZeneca, Pfizer/BioNTech",https://epistat.wiv-isp.be/covid/,25328432,9240499,9142389,7374810
Belgium,2022-05-05,"Johnson&Johnson, Moderna, Novavax, Oxford/AstraZeneca, Pfizer/BioNTech",https://epistat.wiv-isp.be/covid/,25329342,9240583,9142478,7375550
Belgium,2022-05-06,"Johnson&Johnson, Moderna, Novavax, Oxford/AstraZeneca, Pfizer/BioNTech",https://epistat.wiv-isp.be/covid/,25331223,9240785,9142657,7377053
Belgium,2022-05-07,"Johnson&Johnson, Moderna, Novavax, Oxford/AstraZeneca, Pfizer/BioNTech",https://epistat.wiv-isp.be/covid/,25332533,9241030,9142896,7377883
Belgium,2022-05-08,"Johnson&Johnson, Moderna, Novavax, Oxford/AstraZeneca, Pfizer/BioNTech",https://epistat.wiv-isp.be/covid/,25332542,9241030,9142901,7377887
Belgium,2022-05-09,"Johnson&Johnson, Moderna, Novavax, Oxford/AstraZeneca, Pfizer/BioNTech",https://epistat.wiv-isp.be/covid/,25333116,9241093,9142936,7378364
Belgium,2022-05-10,"Johnson&Johnson, Moderna, Novavax, Oxford/AstraZeneca, Pfizer/BioNTech",https://epistat.wiv-isp.be/covid/,25334231,9241233,9143061,7379219
Belgium,2022-05-11,"Johnson&Johnson, Moderna, Novavax, Oxford/AstraZeneca, Pfizer/BioNTech",https://epistat.wiv-isp.be/covid/,25336830,9241629,9143371,7381115
Belgium,2022-05-12,"Johnson&Johnson, Moderna, Novavax, Oxford/AstraZeneca, Pfizer/BioNTech",https://epistat.wiv-isp.be/covid/,25337784,9241710,9143462,7381898
Belgium,2022-05-13,"Johnson&Johnson, Moderna, Novavax, Oxford/AstraZeneca, Pfizer/BioNTech",https://epistat.wiv-isp.be/covid/,25339271,9241902,9143620,7383038
Belgium,2022-05-14,"Johnson&Johnson, Moderna, Novavax, Oxford/AstraZeneca, Pfizer/BioNTech",https://epistat.wiv-isp.be/covid/,25340690,9242117,9143871,7383993
Belgium,2022-05-15,"Johnson&Johnson, Moderna, Novavax, Oxford/AstraZeneca, Pfizer/BioNTech",https://epistat.wiv-isp.be/covid/,25340697,9242117,9143871,7384000
Belgium,2022-05-16,"Johnson&Johnson, Moderna, Novavax, Oxford/AstraZeneca, Pfizer/BioNTech",https://epistat.wiv-isp.be/covid/,25341181,9242172,9143903,7384401
Belgium,2022-05-17,"Johnson&Johnson, Moderna, Novavax, Oxford/AstraZeneca, Pfizer/BioNTech",https://epistat.wiv-isp.be/covid/,25342229,9242263,9143987,7385275
Belgium,2022-05-18,"Johnson&Johnson, Moderna, Novavax, Oxford/AstraZeneca, Pfizer/BioNTech",https://epistat.wiv-isp.be/covid/,25344929,9242597,9144288,7387340
Belgium,2022-05-19,"Johnson&Johnson, Moderna, Novavax, Oxford/AstraZeneca, Pfizer/BioNTech",https://epistat.wiv-isp.be/covid/,25348116,9242727,9144404,7390281
Belgium,2022-05-20,"Johnson&Johnson, Moderna, Novavax, Oxford/AstraZeneca, Pfizer/BioNTech",https://epistat.wiv-isp.be/covid/,25350471,9242926,9144612,7392230
Belgium,2022-05-21,"Johnson&Johnson, Moderna, Novavax, Oxford/AstraZeneca, Pfizer/BioNTech",https://epistat.wiv-isp.be/covid/,25352277,9243179,9144876,7393520
Belgium,2022-05-22,"Johnson&Johnson, Moderna, Novavax, Oxford/AstraZeneca, Pfizer/BioNTech",https://epistat.wiv-isp.be/covid/,25352299,9243180,9144877,7393540
Belgium,2022-05-23,"Johnson&Johnson, Moderna, Novavax, Oxford/AstraZeneca, Pfizer/BioNTech",https://epistat.wiv-isp.be/covid/,25353735,9243279,9144942,7394816
Belgium,2022-05-24,"Johnson&Johnson, Moderna, Novavax, Oxford/AstraZeneca, Pfizer/BioNTech",https://epistat.wiv-isp.be/covid/,25361818,9243420,9145070,7402630
Belgium,2022-05-25,"Johnson&Johnson, Moderna, Novavax, Oxford/AstraZeneca, Pfizer/BioNTech",https://epistat.wiv-isp.be/covid/,25371404,9243647,9145306,7411756
Belgium,2022-05-26,"Johnson&Johnson, Moderna, Novavax, Oxford/AstraZeneca, Pfizer/BioNTech",https://epistat.wiv-isp.be/covid/,25371727,9243647,9145308,7412077
Belgium,2022-05-27,"Johnson&Johnson, Moderna, Novavax, Oxford/AstraZeneca, Pfizer/BioNTech",https://epistat.wiv-isp.be/covid/,25374120,9243729,9145408,7414288
Belgium,2022-05-28,"Johnson&Johnson, Moderna, Novavax, Oxford/AstraZeneca, Pfizer/BioNTech",https://epistat.wiv-isp.be/covid/,25375698,9243930,9145662,7415412
Belgium,2022-05-29,"Johnson&Johnson, Moderna, Novavax, Oxford/AstraZeneca, Pfizer/BioNTech",https://epistat.wiv-isp.be/covid/,25375705,9243937,9145662,7415412
Belgium,2022-05-30,"Johnson&Johnson, Moderna, Novavax, Oxford/AstraZeneca, Pfizer/BioNTech",https://epistat.wiv-isp.be/covid/,25384277,9244016,9145762,7423805
Belgium,2022-05-31,"Johnson&Johnson, Moderna, Novavax, Oxford/AstraZeneca, Pfizer/BioNTech",https://epistat.wiv-isp.be/covid/,25403310,9244130,9145886,7442600
Belgium,2022-06-01,"Johnson&Johnson, Moderna, Novavax, Oxford/AstraZeneca, Pfizer/BioNTech",https://epistat.wiv-isp.be/covid/,25423336,9244585,9146319,7461738
Belgium,2022-06-02,"Johnson&Johnson, Moderna, Novavax, Oxford/AstraZeneca, Pfizer/BioNTech",https://epistat.wiv-isp.be/covid/,25438689,9244691,9146427,7476880
Belgium,2022-06-03,"Johnson&Johnson, Moderna, Novavax, Oxford/AstraZeneca, Pfizer/BioNTech",https://epistat.wiv-isp.be/covid/,25448383,9244853,9146634,7486205
Belgium,2022-06-04,"Johnson&Johnson, Moderna, Novavax, Oxford/AstraZeneca, Pfizer/BioNTech",https://epistat.wiv-isp.be/covid/,25451712,9245013,9146805,7489205
Belgium,2022-06-05,"Johnson&Johnson, Moderna, Novavax, Oxford/AstraZeneca, Pfizer/BioNTech",https://epistat.wiv-isp.be/covid/,25452192,9245014,9146805,7489684
Belgium,2022-06-06,"Johnson&Johnson, Moderna, Novavax, Oxford/AstraZeneca, Pfizer/BioNTech",https://epistat.wiv-isp.be/covid/,25452504,9245019,9146806,7489990
Belgium,2022-06-07,"Johnson&Johnson, Moderna, Novavax, Oxford/AstraZeneca, Pfizer/BioNTech",https://epistat.wiv-isp.be/covid/,25468773,9245098,9146905,7506081
